Piping Line List,,,,,,,,,,,,,,,,,,,,,,,,,,,,,
,,,,,,,,,,,,,,,,,,,,,,,,,,,,,
,,,,,,,,629,:Total Isos,,,,,,,,,,,,,,,,,,,,
Client Name:,AIR PRODUCTS,,,,,,,629,:Total Spools,,,,,,,,,,,,,,,,,,,,
Job No:,7116,,,,,,,0,:Hold,,,,,,,,,,,,,,,,,,,,
Fab. Location:,TX,,,,,,,0,:Issued,,,,,,,,,,,,,,,,,,,,
,,,0,PU,,,,629,:Isos not Issued for fab.,,,,,,,,,,,,,,,,,,,,
,,,0,UP,,,,,,,,,,,,,,,,,,,,,,,,,
,,,13,RTI,,,,,,,,,,,,,,,,,Transmittal Summary,,,,,,,,
,,186,430,,,,,,,,,,,,,,,,,5-Oct-20,New,,,Revisions,,,,,
ISO,SPOOL,In Detailing,In Checking,SHOP,Status,Priority,Phase,Material,Pipe Spec.,Paint System,Pipeline Reference,Sheet #,Size,Spool ID,Line No.,PMI,HOLD,PCI / Client,RFI No. / Email ,Remarks,Trans. No.,Date Rcv'd,Rev. No.,Trans. No.,Date Rcv'd,Rev. No.,Trans. No.,Date Rcv'd,Rev. No.
1,1-A,,X,,,,U010,,3CBC01,C093U3,DOC0001027228-1010,1,"4""",U010-H -1010-1-A,"4""-H -1010-3CBC01",,,,,,231,,1,,,,,,
2,2-A,,X,,,,U010,,3CBC01,C093U3,DOC0001027228-1010,2,"4""",U010-H -1010-2-A,"4""-H -1010-3CBC01",,,,,,231,,1,,,,,,
3,3-A,,X,,,,U010,,3CBC01,C093U3,DOC0001027228-1010,4,"4""",U010-H -1010-3-A,"4""-H -1010-3CBC01",,,,,,231,,1,,,,,,
4,4-A,,X,,,,U010,,3CBB01,C093U3,DOC0001027228-1012,1,"4""",U010-H -1012-4-A,"4""-H -1012-3CBB01",,,,,,231,,1,,,,,,
4,4-B,,X,,,,U010,,3CBB01,C093U3,DOC0001027228-1012,1,"4""",U010-H -1012-4-B,"4""-H -1012-3CBB01",,,,,,231,,1,,,,,,
5,5,,X,,,,U010,,3CBB01,C093U3,DOC0001027228-1012,2,"4""",U010-H -1012-5-A,"4""-H -1012-3CBB01",,,,,,231,,1,,,,,,
5,5,,X,,,,U010,,3CBB01,C093U3,DOC0001027228-1012,2,"4""",U010-H -1012-5-B,"4""-H -1012-3CBB01",,,,,,231,,1,,,,,,
6,6-A,,X,,,,U010,,3CBB01,C093U3,DOC0001027228-1012,3,"4""",U010-H -1012-6-A,"4""-H -1012-3CBB01",,,,,,231,,1,,,,,,
7,7-A,,X,,,,U010,,3CBB01,C093U3,DOC0001027228-1012,4,"4""",U010-H -1012-7-A,"4""-H -1012-3CBB01",,,,,,231,,1,,,,,,
8,8-A,,X,,,,U010,,3CBB01,C093U3,DOC0001027228-1012,5,"4""",U010-H -1012-8-A,"4""-H -1012-3CBB01",,,,,,231,,1,,,,,,
9,9-A,,X,,,,U010,,3CBB01,C093U3,DOC0001027228-1012,6,"4""",U010-H -1012-9-A,"4""-H -1012-3CBB01",,,,,,231,,1,,,,,,
9,9-B,,X,,,,U010,,3CBB01,C093U3,DOC0001027228-1012,6,"4""",U010-H -1012-9-B,"4""-H -1012-3CBB01",,,,,,231,,1,,,,,,
10,10-A,,X,,,,U010,,1CBB01,C093U3,DOC0001027228-1015,1,"2""",U010-VG -1015-10-A,"2""-VG -1015-1CBB01",,,,,,231,,1,,,,,,
10,10-B,,X,,,,U010,,1CBB01,C093U3,DOC0001027228-1015,1,"2""",U010-VG -1015-10-B,"2""-VG -1015-1CBB01",,,,,,231,,1,,,,,,
10,10-C,,X,,,,U010,,1CBB01,C093U3,DOC0001027228-1015,1,"2""",U010-VG -1015-10-C,"2""-VG -1015-1CBB01",,,,,,231,,1,,,,,,
11,11-A,,X,,,,U010,,1CBB01,C093U3,DOC0001027228-2201,1,"8""",U010-H -2201-11-A,"8""-H -2201-1CBB01",,,,,,231,,1,,,,,,
12,12-A,,X,,,,U010,,1CBB01,C093U3,DOC0001027228-2201,3,"8""",U010-H -2201-12-A,"8""-H -2201-1CBB01",,,,,,231,,1,,,,,,
12,12-B,,X,,,,U010,,1CBB01,C093U3,DOC0001027228-2201,3,"8""",U010-H -2201-12-B,"8""-H -2201-1CBB01",,,,,,231,,1,,,,,,
13,13-A,,X,,,,U010,,ZCSC01,C230U,DOC0001027228-2205,1,"4""",U010-CW -2205-13-A,"4""-CW -2205-ZCSC01",,,,,,231,,1,,,,,,
14,14-A,,X,,,,U010,,ZCSC01,C230U,DOC0001027228-2205,2,"4""",U010-CW -2205-14-A,"4""-CW -2205-ZCSC01",,,,,,231,,1,,,,,,
14,14-B,,X,,,,U010,,ZCSC01,C230U,DOC0001027228-2205,2,"4""",U010-CW -2205-14-B,"4""-CW -2205-ZCSC01",,,,,,231,,1,,,,,,
15,15-A,,X,,,,U010,,ZCSC01,C230U,DOC0001027228-2206,1,"4""",U010---15-A,#N/A,,,,,,231,,1,,,,,,
16,16-A,,X,,,,U010,,ZCSC01,C230U,DOC0001027228-2206,2,"4""",U010---16-A,#N/A,,,,,,231,,1,,,,,,
16,16-B,,X,,,,U010,,ZCSC01,C230U,DOC0001027228-2206,2,"4""",U010---16-B,#N/A,,,,,,231,,1,,,,,,
16,16-C,,X,,,,U010,,ZCSC01,C230U,DOC0001027228-2206,2,"4""",U010---16-C,#N/A,,,,,,231,,1,,,,,,
17,17-A,,X,,,,U010,,1CBB01,C093U3,DOC0001027228-2210,1,"8""",U010-VG -2210-17-A,"8""-VG -2210-1CBB01",,,,,,231,,1,,,,,,
17,17-B,,X,,,,U010,,1CBB01,C093U3,DOC0001027228-2210,1,"8""",U010-VG -2210-17-B,"8""-VG -2210-1CBB01",,,,,,231,,1,,,,,,
18,18-A,,X,,,,U010,,1CBB01,C093U3,DOC0001027228-2210,3,"8""",U010-VG -2210-18-A,"8""-VG -2210-1CBB01",,,,,,231,,1,,,,,,
19,19-A,,X,,,,U010,,ZCSC01,C230U,DOC0001027228-2241,1,"4""",U010-CW -2241-19-A,"4""-CW -2241-ZCSC01",,,,,,231,,1,,,,,,
20,20-A,,X,,,,U010,,ZCSC01,C230U,DOC0001027228-2241,2,"4""",U010-CW -2241-20-A,"4""-CW -2241-ZCSC01",,,,,,231,,1,,,,,,
21,21-A,,X,,,,U010,,ZCSC01,C230U,DOC0001027228-2242,1,"4""",U010---21-A,#N/A,,,,,,231,,1,,,,,,
22,22-A,,X,,,,U010,,ZCSC01,C230U,DOC0001027228-2242,2,"4""",U010---22-A,#N/A,,,,,,231,,1,,,,,,
22,22-B,,X,,,,U010,,ZCSC01,C230U,DOC0001027228-2242,2,"4""",U010---22-B,#N/A,,,,,,231,,1,,,,,,
22,22-C,,X,,,,U010,,ZCSC01,C230U,DOC0001027228-2242,2,"4""",U010---22-C,#N/A,,,,,,231,,1,,,,,,
22,22-D,,X,,,,U010,,ZCSC01,C230U,DOC0001027228-2242,1,"4""",U010---22-D,#N/A,,,,,,231,,2,,,,,,
23,23-A,,X,,,,U010,,1CBB01,C093U3,DOC0001027228-2302,1,"4""",U010-VG -2302-23-A,"4""-VG -2302-1CBB01",,,,,,231,,1,,,,,,
23,23-B,,X,,,,U010,,1CBB01,C093U3,DOC0001027228-2302,1,"4""",U010-VG -2302-23-B,"4""-VG -2302-1CBB01",,,,,,231,,1,,,,,,
24,24-A,,X,,,,U010,,1CBB01,C093U3,DOC0001027228-2302,2,"4""",U010-VG -2302-24-A,"4""-VG -2302-1CBB01",,,,,,231,,1,,,,,,
24,24-B,,X,,,,U010,,1CBB01,C093U3,DOC0001027228-2302,2,"4""",U010-VG -2302-24-B,"4""-VG -2302-1CBB01",,,,,,231,,1,,,,,,
25,25-A,,X,,,,U010,,1CBB01,C093U3,DOC0001027228-2302,3,"4""",U010-VG -2302-25-A,"4""-VG -2302-1CBB01",,,,,,231,,1,,,,,,
26,26-A,,X,,,,U010,,1CBB01,C093U3,DOC0001027228-2303,1,"4""",U010-H -2303-26-A,"4""-H -2303-1CBB01",,,,,,231,,1,,,,,,
27,27-A,,X,,,,U010,,1CBB01,C093U3,DOC0001027228-2303,2,"4""",U010-H -2303-27-A,"4""-H -2303-1CBB01",,,,,,231,,1,,,,,,
27,27-B,,X,,,,U010,,1CBB01,C093U3,DOC0001027228-2303,2,"4""",U010-H -2303-27-B,"4""-H -2303-1CBB01",,,,,,231,,1,,,,,,
28,28-A,,X,,,,U010,,1CBB01,C093U3,DOC0001027228-2303,3,"4""",U010-H -2303-28-A,"4""-H -2303-1CBB01",,,,,,231,,1,,,,,,
29,29-A,,X,,,,U010,,1CBB01,C093U3,DOC0001027228-2303,4,"4""",U010-H -2303-29-A,"4""-H -2303-1CBB01",,,,,,231,,1,,,,,,
29,29-B,,X,,,,U010,,1CBB01,C093U3,DOC0001027228-2303,4,"4""",U010-H -2303-29-B,"4""-H -2303-1CBB01",,,,,,231,,1,,,,,,
30,30-A,,X,,,,U010,,1CBB01,C093U3,DOC0001027228-2314,1,"8""",U010-H -2314-30-A,"8""-H -2314-1CBB01",,,,,,231,,1,,,,,,
30,30-B,,X,,,,U010,,1CBB01,C093U3,DOC0001027228-2314,1,"8""",U010-H -2314-30-B,"8""-H -2314-1CBB01",,,,,,231,,1,,,,,,
31,31,,X,,,,U010,,1CBB01,C093U3,DOC0001027228-2314,2,"8""",U010-H -2314-31-A,"8""-H -2314-1CBB01",,,,,,231,,1,,,,,,
31,31,,X,,,,U010,,1CBB01,C093U3,DOC0001027228-2314,2,"8""",U010-H -2314-31-B,"8""-H -2314-1CBB01",,,,,,231,,1,,,,,,
31,31,,X,,,,U010,,1CBB01,C093U3,DOC0001027228-2314,2,"8""",U010-H -2314-31-C,"8""-H -2314-1CBB01",,,,,,231,,1,,,,,,
31,31-D,,X,,,,U010,,1CBB01,C093U3,DOC0001027228-2314,2,"8""",U010-H -2314-31-D,"8""-H -2314-1CBB01",,,,,,231,,1,,,,,,
33,33-A,,X,,,,U010,,6CBB01,C093U3,DOC0001027228-2400,1,"2""",U010-H -2400-33-A,"2""-H -2400-6CBB01",,,,,,231,,1,,,,,,
34,34-A,,X,,,,U010,,6CBB01,C093U3,DOC0001027228-2400,2,"2""",U010-H -2400-34-A,"2""-H -2400-6CBB01",,,,,,231,,1,,,,,,
34,34-B,,X,,,,U010,,6CBB01,C093U3,DOC0001027228-2400,2,"2""",U010-H -2400-34-B,"2""-H -2400-6CBB01",,,,,,231,,1,,,,,,
34,34-C,,X,,,,U010,,6CBB01,C093U3,DOC0001027228-2400,2,"2""",U010-H -2400-34-C,"2""-H -2400-6CBB01",,,,,,231,,1,,,,,,
35,35,,X,,,,U010,,6CBB01,C093U3,DOC0001027228-2400,3,"2""",U010-H -2400-35-A,"2""-H -2400-6CBB01",,,,,,231,,1,,,,,,
35,35,,X,,,,U010,,6CBB01,C093U3,DOC0001027228-2400,3,"2""",U010-H -2400-35-B,"2""-H -2400-6CBB01",,,,,,231,,1,,,,,,
35,35-C,,X,,,,U010,,6CBB01,C093U3,DOC0001027228-2400,3,"2""",U010-H -2400-35-C,"2""-H -2400-6CBB01",,,,,,231,,1,,,,,,
37,37-A,,X,,,,U010,,6CBB01,C093U3,DOC0001027228-2404,1,"6""",U010-H -2404-37-A,"6""-H -2404-6CBB01",,,,,,231,,1,,,,,,
38,38-A,,X,,,,U010,,6CBB01,C093U3,DOC0001027228-2405,1,"8""",U010-H -2405-38-A,"8""-H -2405-6CBB01",,,,,,231,,1,,,,,,
39,39-A,,X,,,,U010,,6CBB01,C093U3,DOC0001027228-2405,2,"8""",U010-H -2405-39-A,"8""-H -2405-6CBB01",,,,,,231,,1,,,,,,
40,40-A,,X,,,,U010,,6CBB01,C093U3,DOC0001027228-2405,3,"8""",U010-H -2405-40-A,"8""-H -2405-6CBB01",,,,,,231,,1,,,,,,
41,41-A,,X,,,,U010,,6CBB01,C093U3,DOC0001027228-2405,4,"8""",U010-H -2405-41-A,"8""-H -2405-6CBB01",,,,,,231,,1,,,,,,
41,41-B,,X,,,,U010,,6CBB01,C093U3,DOC0001027228-2405,4,"8""",U010-H -2405-41-B,"8""-H -2405-6CBB01",,,,,,231,,1,,,,,,
47,47-A,,X,,,,U010,,ZCSC01,C230U,DOC0001027228-2407,1,"12""",U010-CW -2407-47-A,"12""-CW -2407-ZCSC01",,,,,,231,,1,,,,,,
48,48-A,,X,,,,U010,,ZCSC01,C230U,DOC0001027228-2407,2,"12""",U010-CW -2407-48-A,"12""-CW -2407-ZCSC01",,,,,,231,,1,,,,,,
49,49-A,,X,,,,U010,,ZCSC01,C230U,DOC0001027228-2408,1,"12""",U010-CW -2408-49-A,"12""-CW -2408-ZCSC01",,,,,,231,,1,,,,,,
50,50-A,,X,,,,U010,,ZCSC01,C230U,DOC0001027228-2408,2,"12""",U010-CW -2408-50-A,"12""-CW -2408-ZCSC01",,,,,,231,,1,,,,,,
51,51-A,,X,,,,U010,,6CBB01,C093U3,DOC0001027228-2413,1,"8""",U010-H -2413-51-A,"8""-H -2413-6CBB01",,,,,,231,,1,,,,,,
52,52-A,,X,,,,U010,,6CBB01,C093U3,DOC0001027228-2413,2,"8""",U010-H -2413-52-A,"8""-H -2413-6CBB01",,,,,,231,,1,,,,,,
52,52-B,,X,,,,U010,,6CBB01,C093U3,DOC0001027228-2413,2,"8""",U010-H -2413-52-B,"8""-H -2413-6CBB01",,,,,,231,,1,,,,,,
52,52-C,,X,,,,U010,,6CBB01,C093U3,DOC0001027228-2413,2,"8""",U010-H -2413-52-C,"8""-H -2413-6CBB01",,,,,,231,,1,,,,,,
53,53-A,,X,,,,U010,,6CBB01,C093U3,DOC0001027228-2414,1,"8""",U010-H -2414-53-A,"8""-H -2414-6CBB01",,,,,,231,,1,,,,,,
54,54-A,,X,,,,U010,,6CBB01,C093U3,DOC0001027228-2414,2,"8""",U010-H -2414-54-A,"8""-H -2414-6CBB01",,,,,,231,,1,,,,,,
55,55-A,,X,,,,U010,,3CBB01,C093U3,DOC0001027228-2416,1,"10""",U010-H -2416-55-A,"10""-H -2416-3CBB01",,,,,,231,,1,,,,,,
55,55-B,,X,,,,U010,,3CBB01,C093U3,DOC0001027228-2416,1,"10""",U010-H -2416-55-B,"10""-H -2416-3CBB01",,,,,,231,,1,,,,,,
55,55-C,,X,,,,U010,,3CBB01,C093U3,DOC0001027228-2416,1,"10""",U010-H -2416-55-C,"10""-H -2416-3CBB01",,,,,,231,,1,,,,,,
56,56-A,,X,,,,U010,,3CBB01,C093U3,DOC0001027228-2416,2,"10""",U010-H -2416-56-A,"10""-H -2416-3CBB01",,,,,,231,,1,,,,,,
56,56-B,,X,,,,U010,,3CBB01,C093U3,DOC0001027228-2416,2,"10""",U010-H -2416-56-B,"10""-H -2416-3CBB01",,,,,,231,,1,,,,,,
56,56-C,,X,,,,U010,,3CBB01,C093U3,DOC0001027228-2416,2,"10""",U010-H -2416-56-C,"10""-H -2416-3CBB01",,,,,,231,,1,,,,,,
57,57-A,,RTI,,,,U010,,3CBB01,C093U3,DOC0001027228-2417,1,"10""",U010-H -2417-57-A,"10""-H -2417-3CBB01",,,,,,231,,1,,,,,,
57,57-B,,RTI,,,,U010,,3CBB01,C093U3,DOC0001027228-2417,1,"10""",U010-H -2417-57-B,"10""-H -2417-3CBB01",,,,,,231,,1,,,,,,
58,58-A,,RTI,,,,U010,,3CBB01,C093U3,DOC0001027228-2417,2,"10""",U010-H -2417-58-A,"10""-H -2417-3CBB01",,,,,,231,,1,,,,,,
59,59-A,,RTI,,,,U010,,1CBB01,C093U3,DOC0001027228-2418,1,"16""",U010-H -2418-59-A,"16""-H -2418-1CBB01",,,,,,231,,1,,,,,,
59,59-B,,RTI,,,,U010,,1CBB01,C093U3,DOC0001027228-2418,1,"16""",U010-H -2418-59-B,"16""-H -2418-1CBB01",,,,,,231,,1,,,,,,
60,60-A,,RTI,,,,U010,,1CBB01,C093U3,DOC0001027228-2418,2,"16""",U010-H -2418-60-A,"16""-H -2418-1CBB01",,,,,,231,,1,,,,,,
61,61-A,,RTI,,,,U010,,6CBB01,C093U3,DOC0001027228-2421,1,"8""",U010-H -2421-61-A,"8""-H -2421-6CBB01",,,,,,231,,1,,,,,,
61,61-B,,RTI,,,,U010,,6CBB01,C093U3,DOC0001027228-2421,1,"8""",U010-H -2421-61-B,"8""-H -2421-6CBB01",,,,,,231,,1,,,,,,
61,61-C,,RTI,,,,U010,,6CBB01,C093U3,DOC0001027228-2421,1,"8""",U010-H -2421-61-C,"8""-H -2421-6CBB01",,,,,,231,,1,,,,,,
62,62-A,,X,,,,U010,,3CBB01,C093U3,DOC0001027228-2422,1,"12""",U010-H -2422-62-A,"12""-H -2422-3CBB01",,,,,,231,,1,,,,,,
62,62-B,,X,,,,U010,,3CBB01,C093U3,DOC0001027228-2422,1,"12""",U010-H -2422-62-B,"12""-H -2422-3CBB01",,,,,,231,,1,,,,,,
62,62-C,,X,,,,U010,,3CBB01,C093U3,DOC0001027228-2422,1,"12""",U010-H -2422-62-C,"12""-H -2422-3CBB01",,,,,,231,,1,,,,,,
63,63-A,,X,,,,U010,,3CBB01,C093U3,DOC0001027228-2422,2,"12""",U010-H -2422-63-A,"12""-H -2422-3CBB01",,,,,,231,,1,,,,,,
64,64-A,,RTI,,,,U010,,3CBB01,C093U3,DOC0001027228-2423,1,"12""",U010-H -2423-64-A,"12""-H -2423-3CBB01",,,,,,231,,1,,,,,,
64,64-B,,RTI,,,,U010,,3CBB01,C093U3,DOC0001027228-2423,1,"12""",U010-H -2423-64-B,"12""-H -2423-3CBB01",,,,,,231,,1,,,,,,
65,65-A,,RTI,,,,U010,,3CBB01,C093U3,DOC0001027228-2423,2,"12""",U010-H -2423-65-A,"12""-H -2423-3CBB01",,,,,,231,,1,,,,,,
65,65-B,,RTI,,,,U010,,3CBB01,C093U3,DOC0001027228-2423,2,"12""",U010-H -2423-65-B,"12""-H -2423-3CBB01",,,,,,231,,1,,,,,,
66,66-A,,X,,,,U010,,1SAB07,NOPT,DOC0001027228-2426,1,"2""",U010-VG -2426-66-A,"2""-VG -2426-1SAB07",,,,,,231,,1,,,,,,
67,67-A,,X,,,,U010,,1SAB03,NOPT,DOC0001027228-2451,1,"10""",U010-VG -2451-67-A,"10""-VG -2451-1SAB03",,,,,,231,,1,,,,,,
68,68-A,,X,,,,U010,,1SAB07,NOPT,DOC0001027228-2493,1,"10""",U010-VG -2493-68-A,"10""-VG -2493-1SAB07",,,,,,231,,1,,,,,,
68,68-B,,X,,,,U010,,1SAB07,NOPT,DOC0001027228-2493,1,"10""",U010-VG -2493-68-B,"10""-VG -2493-1SAB07",,,,,,231,,1,,,,,,
69,69-A,,X,,,,U010,,1SAB07,NOPT,DOC0001027228-2493,2,"10""",U010-VG -2493-69-A,"10""-VG -2493-1SAB07",,,,,,231,,1,,,,,,
70,70-A,,X,,,,U010,,1SAC01,NOPT,DOC0001027228-2494,1,"4""",U010-L -2494-70-A,"4""-L -2494-1SAC01",,,,,,231,,1,,,,,,
71,71-A,,X,,,,U010,,1SAC01,NOPT,DOC0001027228-2494,2,"4""",U010-L -2494-71-A,"4""-L -2494-1SAC01",,,,,,231,,1,,,,,,
72,72-A,,X,,,,U010,,1SAC01,NOPT,DOC0001027228-2495,1,"3""",U010-L -2495-72-A,"3""-L -2495-1SAC01",,,,,,231,,1,,,,,,
73,73-A,,X,,,,U010,,1SAC01,NOPT,DOC0001027228-2495,2,"3""",U010-L -2495-73-A,"3""-L -2495-1SAC01",,,,,,231,,1,,,,,,
74,74-A,,X,,,,U010,,1SAC01,NOPT,DOC0001027228-2496,1,"2""",U010-L -2496-74-A,"2""-L -2496-1SAC01",,,,,,231,,1,,,,,,
74,74-B,,X,,,,U010,,1SAC01,NOPT,DOC0001027228-2496,1,"2""",U010-L -2496-74-B,"2""-L -2496-1SAC01",,,,,,231,,1,,,,,,
75,75-A,,X,,,,U010,,1SAC01,NOPT,DOC0001027228-2497,1,"2""",U010-L -2497-75-A,"2""-L -2497-1SAC01",,,,,,231,,1,,,,,,
75,75-B,,X,,,,U010,,1SAC01,NOPT,DOC0001027228-2497,1,"2""",U010-L -2497-75-B,"2""-L -2497-1SAC01",,,,,,231,,1,,,,,,
76,76-A,,X,,,,U010,,1SAC01,NOPT,DOC0001027228-2498,1,"2""",U010-L -2498-76-A,"2""-L -2498-1SAC01",,,,,,231,,1,,,,,,
76,76-B,,X,,,,U010,,1SAC01,NOPT,DOC0001027228-2498,1,"2""",U010-L -2498-76-B,"2""-L -2498-1SAC01",,,,,,231,,1,,,,,,
77,77-A,,X,,,,U010,,1SAC01,NOPT,DOC0001027228-2499,1,"3""",U010-L -2499-77-A,"3""-L -2499-1SAC01",,,,,,231,,1,,,,,,
77,77-B,,X,,,,U010,,1SAC01,NOPT,DOC0001027228-2499,1,"3""",U010-L -2499-77-B,"3""-L -2499-1SAC01",,,,,,231,,1,,,,,,
78,78-A,,X,,,,U010,,1CBB01,C093U3,DOC0001027228-2506,1,"18""",U010-N -2506-78-A,"18""-N -2506-1CBB01",,,,,,231,,1,,,,,,
78,78-B,,X,,,,U010,,1CBB01,C093U3,DOC0001027228-2506,1,"18""",U010-N -2506-78-B,"18""-N -2506-1CBB01",,,,,,231,,1,,,,,,
79,79-A,,X,,,,U010,,1CBB01,C093U3,DOC0001027228-2506,3,"18""",U010-N -2506-79-A,"18""-N -2506-1CBB01",,,,,,231,,1,,,,,,
79,79-B,,X,,,,U010,,1CBB01,C093U3,DOC0001027228-2506,3,"18""",U010-N -2506-79-B,"18""-N -2506-1CBB01",,,,,,231,,1,,,,,,
80,80-A,,X,,,,U010,,1CBB01,C093U3,DOC0001027228-2506,4,"18""",U010-N -2506-80-A,"18""-N -2506-1CBB01",,,,,,231,,1,,,,,,
81,81-A,,X,,,,U010,,1CBB01,C093U3,DOC0001027228-2506,7,"18""",U010-N -2506-81-A,"18""-N -2506-1CBB01",,,,,,231,,1,,,,,,
82,82-A,,X,,,,U010,,1CBB01,C093U3,DOC0001027228-2506,8,"18""",U010-N -2506-82-A,"18""-N -2506-1CBB01",,,,,,231,,1,,,,,,
83,83-A,,X,,,,U010,,1CBB01,C093U3,DOC0001027228-2506,9,"18""",U010-N -2506-83-A,"18""-N -2506-1CBB01",,,,,,231,,1,,,,,,
84,84-A,,X,,,,U010,,1CBB01,C093U3,DOC0001027228-2506,10,"18""",U010-N -2506-84-A,"18""-N -2506-1CBB01",,,,,,231,,1,,,,,,
85,85-A,,X,,,,U010,,1CBB01,C093U3,DOC0001027228-2506,11,"18""",U010-N -2506-85-A,"18""-N -2506-1CBB01",,,,,,231,,1,,,,,,
86,86-A,,X,,,,U010,,1CBB01,C093U3,DOC0001027228-2507,1,"12""",U010---86-A,#N/A,,,,,,231,,1,,,,,,
86,86-B,,X,,,,U010,,1CBB01,C093U3,DOC0001027228-2507,1,"12""",U010---86-B,#N/A,,,,,,231,,1,,,,,,
87,87-A,,X,,,,U010,,1CBB01,C093U3,DOC0001027228-2507,3,"12""",U010---87-A,#N/A,,,,,,231,,1,,,,,,
88,88-A,,X,,,,U010,,1CBB01,C093U3,DOC0001027228-2507,4,"12""",U010---88-A,#N/A,,,,,,231,,1,,,,,,
88,88-B,,X,,,,U010,,1CBB01,C093U3,DOC0001027228-2507,4,"12""",U010---88-B,#N/A,,,,,,231,,1,,,,,,
89,89-A,,X,,,,U010,,1CBB01,C093U3,DOC0001027228-2507,5,"12""",U010---89-A,#N/A,,,,,,231,,1,,,,,,
90,90,X,,,,,U010,,1CBB01,C093U3,DOC0001027228-2507,6,"12""",U010---90-2,#N/A,,,,,,231,,1,,,,,,
90,90,X,,,,,U010,,1CBB01,C093U3,DOC0001027228-2507,6,"12""",U010---90-A,#N/A,,,,,,231,,1,,,,,,
90,90,X,,,,,U010,,1CBB01,C093U3,DOC0001027228-2507,6,"12""",U010---90-C,#N/A,,,,,,231,,1,,,,,,
91,91-A,X,,,,,U010,,ZCSC01,C230U,DOC0001027228-2526,1,"4""",U010---91-A,#N/A,,,,,,231,,1,,,,,,
92,92-A,X,,,,,U010,,ZCSC01,C230U,DOC0001027228-2526,2,"4""",U010---92-A,#N/A,,,,,,231,,1,,,,,,
93,93-A,X,,,,,U010,,ZCSC01,C230U,DOC0001027228-2526,3,"4""",U010---93-A,#N/A,,,,,,231,,1,,,,,,
93,93-B,X,,,,,U010,,ZCSC01,C230U,DOC0001027228-2526,3,"4""",U010---93-B,#N/A,,,,,,231,,1,,,,,,
93,93-C,X,,,,,U010,,ZCSC01,C230U,DOC0001027228-2526,3,"4""",U010---93-C,#N/A,,,,,,231,,1,,,,,,
94,94-A,,X,,,,U010,,ZCSC01,C230U,DOC0001027228-2527,1,"4""",U010-CW -2527-94-A,"4""-CW -2527-ZCSC01",,,,,,231,,1,,,,,,
95,95-A,,X,,,,U010,,ZCSC01,C230U,DOC0001027228-2527,2,"4""",U010-CW -2527-95-A,"4""-CW -2527-ZCSC01",,,,,,231,,1,,,,,,
95,95-B,,X,,,,U010,,ZCSC01,C230U,DOC0001027228-2527,2,"4""",U010-CW -2527-95-B,"4""-CW -2527-ZCSC01",,,,,,231,,1,,,,,,
95,95-C,,X,,,,U010,,ZCSC01,C230U,DOC0001027228-2527,2,"4""",U010-CW -2527-95-C,"4""-CW -2527-ZCSC01",,,,,,231,,1,,,,,,
96,96-A,,X,,,,U010,,1CBB01,C093U3,DOC0001027228-2528,1,"4""",U010-N -2528-96-A,"4""-N -2528-1CBB01",,,,,,231,,1,,,,,,
97,97-A,,X,,,,U010,,1CBC01,C093U3,DOC0001027228-2529,1,"6""",U010-VG -2529-97-A,"6""-VG -2529-1CBC01",,,,,,231,,1,,,,,,
98,98-A,,X,,,,U010,,1CBC01,C093U3,DOC0001027228-2529,2,"6""",U010-VG -2529-98-A,"6""-VG -2529-1CBC01",,,,,,231,,1,,,,,,
99,99-A,X,,,,,U010,,1CBC01,C093U3,DOC0001027228-2530,1,"6""",U010-VG -2530-99-A,"6""-VG -2530-1CBC01",,,,,,231,,1,,,,,,
100,100-A,,X,,,,U010,,1CBC01,C093U3,DOC0001027228-2530,2,"6""",U010-VG -2530-100-A,"6""-VG -2530-1CBC01",,,,,,231,,1,,,,,,
100,100-B,,X,,,,U010,,1CBC01,C093U3,DOC0001027228-2530,2,"6""",U010-VG -2530-100-B,"6""-VG -2530-1CBC01",,,,,,231,,1,,,,,,
101,101-A,,X,,,,U010,,3CBB01,C093U3,DOC0001027228-2602,1,"2""",U010-H -2602-101-A,"2""-H -2602-3CBB01",,,,,,231,,1,,,,,,
102,102-A,,X,,,,U010,,3SAB03,GP1,DOC0001027228-2604,1,"2""",U010-H -2604-102-A,"2""-H -2604-3SAB03",,,,,,231,,1,,,,,,
103,103-A,,X,,,,U010,,3CBB01,C093U3,DOC0001027228-2613,1,"8""",U010---103-A,#N/A,,,,,,231,,1,,,,,,
103,103-B,,X,,,,U010,,3CBB01,C093U3,DOC0001027228-2613,1,"8""",U010---103-B,#N/A,,,,,,231,,1,,,,,,
104,104-A,X,,,,,U010,,3CBB01,C093U3,DOC0001027228-2613,2,"8""",U010---104-A,#N/A,,,,,,231,,1,,,,,,
104,104-B,,X,,,,U010,,3CBB01,C093U3,DOC0001027228-2613,2,"8""",U010---104-B,#N/A,,,,,,231,,1,,,,,,
104,104-C,X,,,,,U010,,3CBB01,C093U3,DOC0001027228-2613,2,"8""",U010---104-C,#N/A,,,,,,231,,1,,,,,,
105,105-A,,X,,,,U010,,3CBB01,C093U3,DOC0001027228-2613,4,"8""",U010---105-A,#N/A,,,,,,231,,1,,,,,,
105,105-B,,X,,,,U010,,3CBB01,C093U3,DOC0001027228-2613,4,"8""",U010---105-B,#N/A,,,,,,231,,1,,,,,,
106,106-A,,X,,,,U010,,3CBB01,C093U3,DOC0001027228-2613,5,"8""",U010---106-A,#N/A,,,,,,231,,1,,,,,,
106,106-B,,X,,,,U010,,3CBB01,C093U3,DOC0001027228-2613,5,"8""",U010---106-B,#N/A,,,,,,231,,1,,,,,,
107,107-A,,X,,,,U010,,3SAB03,GP1,DOC0001027228-2615,1,"2""",U010-H -2615-107-A,"2""-H -2615-3SAB03",,,,,,231,,1,,,,,,
108,108-A,,X,,,,U010,,1CBB01,C093U3,DOC0001027228-2616,1,"18""",U010-N-2616-108-A,"18""-N-2616-1CBB01",,,,,,231,,1,,,,,,
109,109-A,,X,,,,U010,,1CBB01,C093U3,DOC0001027228-2616,2,"18""",U010-N-2616-109-A,"18""-N-2616-1CBB01",,,,,,231,,1,,,,,,
109,109-B,,X,,,,U010,,1CBB01,C093U3,DOC0001027228-2616,2,"18""",U010-N-2616-109-B,"18""-N-2616-1CBB01",,,,,,231,,1,,,,,,
110,110-A,,X,,,,U010,,1CBB01,C093U3,DOC0001027228-2616,3,"18""",U010-N-2616-110-A,"18""-N-2616-1CBB01",,,,,,231,,1,,,,,,
110,110,,X,,,,U010,,1CBB01,C093U3,DOC0001027228-2616,3,"18""",U010-N-2616-110-B,"18""-N-2616-1CBB01",,,,,,231,,1,,,,,,
110,110,,X,,,,U010,,1CBB01,C093U3,DOC0001027228-2616,3,"18""",U010-N-2616-110-C,"18""-N-2616-1CBB01",,,,,,231,,1,,,,,,
110,110,,X,,,,U010,,1CBB01,C093U3,DOC0001027228-2616,3,"18""",U010-N-2616-110-D,"18""-N-2616-1CBB01",,,,,,231,,1,,,,,,
111,111-A,X,,,,,U010,,1CBC01,C093U3,DOC0001027228-2620A,1,"10""",U010-N -2620A-111-A,"10""-N -2620A-1CBC01",,,,,,231,,1,,,,,,
112,112-A,X,,,,,U010,,1CBC01,C093U3,DOC0001027228-2620B,1,"10""",U010-N -2620B-112-A,"10""-N -2620B-1CBC01",,,,,,231,,1,,,,,,
113,113-A,,X,,,,U010,,1CBB01,C093U3,DOC0001027228-2621,1,"12""",U010-N -2621-113-A,"12""-N -2621-1CBB01",,,,,,231,,1,,,,,,
114,114-A,,X,,,,U010,,1SAB03,NOPT,DOC0001027228-2622,1,"6""",U010-VG -2622-114-A,"6""-VG -2622-1SAB03",,,,,,231,,1,,,,,,
114,114-B,,X,,,,U010,,1SAB03,NOPT,DOC0001027228-2622,1,"6""",U010-VG -2622-114-B,"6""-VG -2622-1SAB03",,,,,,231,,1,,,,,,
115,115-A,,X,,,,U010,,3CBB01,C093U3,DOC0001027228-2625,1,"14""",U010---115-A,#N/A,,,,,,231,,1,,,,,,
116,116-A,,X,,,,U010,,3CBB01,C093U3,DOC0001027228-2625,2,"14""",U010---116-A,#N/A,,,,,,231,,1,,,,,,
117,117-A,,X,,,,U010,,3CBB01,C093U3,DOC0001027228-2625,4,"14""",U010---117-A,#N/A,,,,,,231,,1,,,,,,
117,117-B,,X,,,,U010,,3CBB01,C093U3,DOC0001027228-2625,4,"14""",U010---117-B,#N/A,,,,,,231,,1,,,,,,
118,118-A,,X,,,,U010,,3CBB01,C093U3,DOC0001027228-2625,5,"14""",U010---118-A,#N/A,,,,,,231,,1,,,,,,
118,118-B,,X,,,,U010,,3CBB01,C093U3,DOC0001027228-2625,5,"14""",U010---118-B,#N/A,,,,,,231,,1,,,,,,
119,119-A,,X,,,,U010,,3CBB01,C093U3,DOC0001027228-2625,6,"14""",U010---119-A,#N/A,,,,,,231,,1,,,,,,
119,119-B,,X,,,,U010,,3CBB01,C093U3,DOC0001027228-2625,6,"14""",U010---119-B,#N/A,,,,,,231,,1,,,,,,
120,120-A,,X,,,,U010,,3CBB01,C093U3,DOC0001027228-2625,7,"14""",U010---120-A,#N/A,,,,,,231,,1,,,,,,
120,120-B,,X,,,,U010,,3CBB01,C093U3,DOC0001027228-2625,7,"14""",U010---120-B,#N/A,,,,,,231,,1,,,,,,
120,120-C,,X,,,,U010,,3CBB01,C093U3,DOC0001027228-2625,7,"14""",U010---120-C,#N/A,,,,,,231,,1,,,,,,
121,121-A,,X,,,,U010,,ZCSC01,C230U,DOC0001027228-2626,1,"10""",U010-CW -2626-121-A,"10""-CW -2626-ZCSC01",,,,,,231,,1,,,,,,
122,122-A,,X,,,,U010,,ZCSC01,C230U,DOC0001027228-2626,2,"10""",U010-CW -2626-122-A,"10""-CW -2626-ZCSC01",,,,,,231,,1,,,,,,
122,122-B,,X,,,,U010,,ZCSC01,C230U,DOC0001027228-2626,2,"10""",U010-CW -2626-122-B,"10""-CW -2626-ZCSC01",,,,,,231,,1,,,,,,
123,123-A,,X,,,,U010,,3CBB01,C093U3,DOC0001027228-2627,1,"10""",U010-N -2627-123-A,"10""-N -2627-3CBB01",,,,,,231,,1,,,,,,
124,124-A,,X,,,,U010,,3CBB01,C093U3,DOC0001027228-2627,2,"10""",U010-N -2627-124-A,"10""-N -2627-3CBB01",,,,,,231,,1,,,,,,
125,125-A,,X,,,,U010,,1CBC01,C093U3,DOC0001027228-2630,1,"6""",U010-N -2630-125-A,"6""-N -2630-1CBC01",,,,,,231,,1,,,,,,
126,126-A,,X,,,,U010,,1CBB01,C093U3,DOC0001027228-2634,1,"2""",U010-N -2634-126-A,"2""-N -2634-1CBB01",,,,,,231,,1,,,,,,
127,127-A,,X,,,,U010,,1CBC03,C093U3,DOC0001027228-2635,1,"2""",U010-N -2635-127-A,"2""-N -2635-1CBC03",,,,,,231,,0,,,,,,
127,127-B,,X,,,,U010,,1CBC03,C093U3,DOC0001027228-2635,1,"2""",U010-N -2635-127-B,"2""-N -2635-1CBC03",,,,,,231,,0,,,,,,
128,128-A,,X,,,,U010,,3SAB03,NOPT,DOC0001027228-2644,1,"2""",U010-H -2644-128-A,"2""-H -2644-3SAB03",,,,,,231,,1,,,,,,
129,129-A,,X,,,,U010,,3SAB03,NOPT,DOC0001027228-2644,2,"2""",U010-H -2644-129-A,"2""-H -2644-3SAB03",,,,,,231,,1,,,,,,
130,130-A,,X,,,,U010,,3SAB03,NOPT,DOC0001027228-2644,3,"2""",U010-H -2644-130-A,"2""-H -2644-3SAB03",,,,,,231,,1,,,,,,
131,131-A,,X,,,,U010,,3SAB03,NOPT,DOC0001027228-2644,4,"2""",U010-H -2644-131-A,"2""-H -2644-3SAB03",,,,,,231,,1,,,,,,
131,131,,X,,,,U010,,3SAB03,NOPT,DOC0001027228-2644,4,"2""",U010-H -2644-131-B,"2""-H -2644-3SAB03",,,,,,231,,1,,,,,,
131,131,,X,,,,U010,,3SAB03,NOPT,DOC0001027228-2644,4,"2""",U010-H -2644-131-C,"2""-H -2644-3SAB03",,,,,,231,,1,,,,,,
132,132-A,,X,,,,U010,,3SAB03,NOPT,DOC0001027228-2644,5,"2""",U010-H -2644-132-A,"2""-H -2644-3SAB03",,,,,,231,,1,,,,,,
132,132-B,,X,,,,U010,,3SAB03,NOPT,DOC0001027228-2644,5,"2""",U010-H -2644-132-B,"2""-H -2644-3SAB03",,,,,,231,,1,,,,,,
133,133-A,,X,,,,U010,,3SAB03,NOPT,DOC0001027228-2644,7,"2""",U010-H -2644-133-A,"2""-H -2644-3SAB03",,,,,,231,,1,,,,,,
133,133-B,,X,,,,U010,,3SAB03,NOPT,DOC0001027228-2644,7,"2""",U010-H -2644-133-B,"2""-H -2644-3SAB03",,,,,,231,,1,,,,,,
134,134-A,,X,,,,U010,,3SAB03,NOPT,DOC0001027228-2644,8,"2""",U010-H -2644-134-A,"2""-H -2644-3SAB03",,,,,,231,,1,,,,,,
134,134,,X,,,,U010,,3SAB03,NOPT,DOC0001027228-2644,8,"2""",U010-H -2644-134-B,"2""-H -2644-3SAB03",,,,,,231,,1,,,,,,
134,134,,X,,,,U010,,3SAB03,NOPT,DOC0001027228-2644,8,"2""",U010-H -2644-134-C,"2""-H -2644-3SAB03",,,,,,231,,1,,,,,,
135,135-A,,X,,,,U010,,6CBB01,C093U3,DOC0001027228-2645,1,"4""",U010-H -2645-135-A,"4""-H -2645-6CBB01",,,,,,231,,1,,,,,,
135,135-B,,X,,,,U010,,6CBB01,C093U3,DOC0001027228-2645,1,"4""",U010-H -2645-135-B,"4""-H -2645-6CBB01",,,,,,231,,1,,,,,,
136,136-A,,X,,,,U010,,6CBB01,C093U3,DOC0001027228-2645,2,"4""",U010-H -2645-136-A,"4""-H -2645-6CBB01",,,,,,231,,1,,,,,,
137,137-A,,X,,,,U010,,6CBB01,C093U3,DOC0001027228-2645,3,"4""",U010-H -2645-137-A,"4""-H -2645-6CBB01",,,,,,231,,1,,,,,,
138,138-A,,X,,,,U010,,1SAB07,NOPT,DOC0001027228-2646,1,"4""",U010-VG -2646-138-A,"4""-VG -2646-1SAB07",,,,,,231,,1,,,,,,
139,139-A,,X,,,,U010,,1SAB07,NOPT,DOC0001027228-2666,1,"4""",U010-VG -2666-139-A,"4""-VG -2666-1SAB07",,,,,,231,,1,,,,,,
140,140-A,,X,,,,U010,,1SAB07,NOPT,DOC0001027228-2667,1,"2""",U010-VG -2667-140-A,"2""-VG -2667-1SAB07",,,,,,231,,1,,,,,,
140,140-B,,X,,,,U010,,1SAB07,NOPT,DOC0001027228-2667,1,"2""",U010-VG -2667-140-B,"2""-VG -2667-1SAB07",,,,,,231,,1,,,,,,
141,141-A,,X,,,,U010,,1CBC03,C093U3,DOC0001027228-2670,1,"2""",U010-N -2670-141-A,"2""-N -2670-1CBC03",,,,,,231,,1,,,,,,
141,141-B,,X,,,,U010,,1CBC03,C093U3,DOC0001027228-2670,1,"2""",U010-N -2670-141-B,"2""-N -2670-1CBC03",,,,,,231,,1,,,,,,
142,142-A,,X,,,,U010,,1CBB01,C093U3,DOC0001027228-2690,1,"2""",U010-N -2690-142-A,"2""-N -2690-1CBB01",,,,,,231,,1,,,,,,
142,142-B,,X,,,,U010,,1CBB01,C093U3,DOC0001027228-2690,1,"2""",U010-N -2690-142-B,"2""-N -2690-1CBB01",,,,,,231,,1,,,,,,
142,142-C,,X,,,,U010,,1CBB01,C093U3,DOC0001027228-2690,1,"2""",U010-N -2690-142-C,"2""-N -2690-1CBB01",,,,,,231,,1,,,,,,
143,143-A,,X,,,,U010,,1CBB01,C093U3,DOC0001027228-2690,2,"2""",U010-N -2690-143-A,"2""-N -2690-1CBB01",,,,,,231,,1,,,,,,
143,143-B,,X,,,,U010,,1CBB01,C093U3,DOC0001027228-2690,2,"2""",U010-N -2690-143-B,"2""-N -2690-1CBB01",,,,,,231,,1,,,,,,
144,144-A,,X,,,,U010,,1CBB01,C093U3,DOC0001027228-2690,4,"2""",U010-N -2690-144-A,"2""-N -2690-1CBB01",,,,,,231,,1,,,,,,
144,144-B,,X,,,,U010,,1CBB01,C093U3,DOC0001027228-2690,4,"2""",U010-N -2690-144-B,"2""-N -2690-1CBB01",,,,,,231,,1,,,,,,
145,145-A,,X,,,,U010,,ZCSC01,C230U,DOC0001027228-2697,1,"10""",U010---145-A,#N/A,,,,,,231,,1,,,,,,
146,146-A,,X,,,,U010,,ZCSC01,C230U,DOC0001027228-2697,2,"10""",U010---146-A,#N/A,,,,,,231,,1,,,,,,
147,147-A,,X,,,,U010,,ZCSC01,C230U,DOC0001027228-2697,3,"10""",U010---147-A,#N/A,,,,,,231,,1,,,,,,
148,148-A,,X,,,,U010,,6SAB02,NOPT,DOC0001027228-2701,1,"8""",U010-N -2701-148-A,"8""-N -2701-6SAB02",,,,,,231,,1,,,,,,
148,148-B,,X,,,,U010,,6SAB02,NOPT,DOC0001027228-2701,1,"8""",U010-N -2701-148-B,"8""-N -2701-6SAB02",,,,,,231,,1,,,,,,
148,148-C,,X,,,,U010,,6SAB02,NOPT,DOC0001027228-2701,1,"8""",U010-N -2701-148-C,"8""-N -2701-6SAB02",,,,,,231,,1,,,,,,
148,148-D,X,,,,,U010,,6SAB02,NOPT,DOC0001027228-2701,1,"8""",U010-N -2701-148-D,"8""-N -2701-6SAB02",,,,,,231,,1,,,,,,
149,149-A,,X,,,,U010,,1CBB01,C093U3,DOC0001027228-2704,,"12""",U010-N -2704-149-A,"12""-N -2704-1CBB01",,,,,,231,,1,,,,,,
150,150-A,,X,,,,U010,,ZCSC01,C230U,DOC0001027228-2706,1,"6""",U010-CW -2706-150-A,"6""-CW -2706-ZCSC01",,,,,,231,,1,,,,,,
151,151-A,,X,,,,U010,,ZCSC01,C230U,DOC0001027228-2715,1,"6""",U010-CW -2715-151-A,"6""-CW -2715-ZCSC01",,,,,,231,,1,,,,,,
152,152-A,,X,,,,U010,,ZCSC01,C230U,DOC0001027228-2808,1,"8""",U010-CW -2808-152-A,"8""-CW -2808-ZCSC01",,,,,,231,,1,,,,,,
153,153-A,,X,,,,U010,,ZCSC01,C230U,DOC0001027228-2895,1,"8""",U010-CW -2895-153-A,"8""-CW -2895-ZCSC01",,,,,,231,,1,,,,,,
154,154-A,,X,,,,U010,,1CBB01,C093U3,DOC0001027228-3205,1,"2""",U010-N -3205-154-A,"2""-N -3205-1CBB01",,,,,,231,,1,,,,,,
155,155-A,,X,,,,U010,,1SAB07,NOPT,DOC0001027228-3405,1,"8""",U010-VG -3405-155-A,"8""-VG -3405-1SAB07",,,,,,231,,1,,,,,,
156,156-A,,X,,,,U010,,1CBB01,C093U3,DOC0001027228-3408,1,"2""",U010-H -3408-156-A,"2""-H -3408-1CBB01",,,,,,231,,1,,,,,,
156,156-B,,X,,,,U010,,1CBB01,C093U3,DOC0001027228-3408,1,"2""",U010-H -3408-156-B,"2""-H -3408-1CBB01",,,,,,231,,1,,,,,,
157,157-A,,X,,,,U010,,1SAB07,NOPT,DOC0001027228-3413,1,"3""",U010-VG -3413-157-A,"3""-VG -3413-1SAB07",,,,,,231,,1,,,,,,
158,158-A,,X,,,,U010,,1CBB01,C093U3,DOC0001027228-3502,1,"2""",U010-H-3502-1-158-A,"2""-H-3502-1CBB01",,,,,,231,,1,,,,,,
158,158-B,,X,,,,U010,,1CBB01,C093U3,DOC0001027228-3502,1,"2""",U010-H-3502-1-158-B,"2""-H-3502-1CBB01",,,,,,231,,1,,,,,,
159,159-A,,X,,,,U010,,1CBB01,C093U3,DOC0001027228-3502,2,"2""",U010-H-3502-2-159-A,"2""-H-3502-1CBB01",,,,,,231,,1,,,,,,
160,160-A,,X,,,,U010,,1SAB07,NOPT,DOC0001027228-3907,1,"3""",U010-VG-3907-1-160-A,"3""-VG-3907-1SAB07",,,,,,231,,1,,,,,,
160,160-B,,X,,,,U010,,1SAB07,NOPT,DOC0001027228-3907,1,"3""",U010-VG-3907-1-160-B,"3""-VG-3907-1SAB07",,,,,,231,,1,,,,,,
161,161-A,,X,,,,U010,,1SAB07,NOPT,DOC0001027228-3907,2,"3""",U010-VG-3907-2-161-A,"3""-VG-3907-1SAB07",,,,,,231,,1,,,,,,
162,162-A,,X,,,,U010,,1CBB01,C093U3,DOC0001027228-3912,1,"2""",U010-N-3912-1-162-A,"2""-N-3912-1CBB01",,,,,,231,,1,,,,,,
163,163-A,,X,,,,U010,,1SAB07,NOPT,DOC0001027228-3930,1,"2""",U010-VG-3930-1-163-A,"2""-VG-3930-1SAB07",,,,,,231,,1,,,,,,
164,164-A,,X,,,,U010,,ZCSC01,C230U,DOC0001027228-4107,1,"3""",U010-CW-4107-1-164-A,"3""-CW-4107-ZCSC01",,,,,,231,,0,,,,,,
164,164-B,,X,,,,U010,,ZCSC01,C230U,DOC0001027228-4107,1,"3""",U010-CW-4107-1-164-B,"3""-CW-4107-ZCSC01",,,,,,231,,0,,,,,,
164,164-C,,X,,,,U010,,ZCSC01,C230U,DOC0001027228-4107,1,"3""",U010-CW-4107-1-164-C,"3""-CW-4107-ZCSC01",,,,,,231,,0,,,,,,
165,165-A,,X,,,,U010,,ZCSC01,C230U,DOC0001027228-4107,2,"3""",U010-CW-4107-2-165-A,"3""-CW-4107-ZCSC01",,,,,,231,,0,,,,,,
165,165-B,,X,,,,U010,,ZCSC01,C230U,DOC0001027228-4107,2,"3""",U010-CW-4107-2-165-B,"3""-CW-4107-ZCSC01",,,,,,231,,0,,,,,,
165,165-C,,X,,,,U010,,ZCSC01,C230U,DOC0001027228-4107,2,"3""",U010-CW-4107-2-165-C,"3""-CW-4107-ZCSC01",,,,,,231,,0,,,,,,
166,166-A,,X,,,,U010,,ZCSC01,C230U,DOC0001027228-4107,3,"3""",U010-CW-4107-3-166-A,"3""-CW-4107-ZCSC01",,,,,,231,,0,,,,,,
167,167-A,,X,,,,U010,,ZCSC01,C230U,DOC0001027228-4108,1,"3""",U010-CW-4108-1-167-A,"3""-CW-4108-ZCSC01",,,,,,231,,0,,,,,,
167,167-B,,X,,,,U010,,ZCSC01,C230U,DOC0001027228-4108,1,"3""",U010-CW-4108-1-167-B,"3""-CW-4108-ZCSC01",,,,,,231,,0,,,,,,
167,167-C,,X,,,,U010,,ZCSC01,C230U,DOC0001027228-4108,1,"3""",U010-CW-4108-1-167-C,"3""-CW-4108-ZCSC01",,,,,,231,,0,,,,,,
167,167-D,,X,,,,U010,,ZCSC01,C230U,DOC0001027228-4108,1,"3""",U010-CW-4108-1-167-d,"3""-CW-4108-ZCSC01",,,,,,231,,0,,,,,,
168,168-A,,X,,,,U010,,ZCSC01,C230U,DOC0001027228-4108,2,"3""",U010-CW-4108-2-168-A,"3""-CW-4108-ZCSC01",,,,,,231,,0,,,,,,
168,168-B,,X,,,,U010,,ZCSC01,C230U,DOC0001027228-4108,2,"3""",U010-CW-4108-2-168-B,"3""-CW-4108-ZCSC01",,,,,,231,,0,,,,,,
168,168-C,,X,,,,U010,,ZCSC01,C230U,DOC0001027228-4108,2,"3""",U010-CW-4108-2-168-C,"3""-CW-4108-ZCSC01",,,,,,231,,0,,,,,,
169,169-A,,X,,,,U010,,ZCSC01,C230U,DOC0001027228-4108,3,"3""",U010-CW-4108-3-169-A,"3""-CW-4108-ZCSC01",,,,,,231,,0,,,,,,
170,170,,X,,,,U010,,1CBC02,NONE,DOC0001027228-7105,1,"2""",U010-S-7105-1-170-A,"2""-S-7105-1CBC02-F2-64.",,,,,,231,,1,,,,,,
170,170,,X,,,,U010,,1CBC02,NONE,DOC0001027228-7105,1,"2""",U010-S-7105-1-170-B,"2""-S-7105-1CBC02-F2-64.",,,,,,231,,1,,,,,,
171,171-A,,X,,,,U010,,1CBC02,NONE,DOC0001027228-7105,2,"2""",U010-S-7105-2-171-A,"2""-S-7105-1CBC02-F2-64.",,,,,,231,,1,,,,,,
171,171-B,,X,,,,U010,,1CBC02,NONE,DOC0001027228-7105,2,"2""",U010-S-7105-2-171-B,"2""-S-7105-1CBC02-F2-64.",,,,,,231,,1,,,,,,
172,172,,X,,,,U010,,1CBC02,NONE,DOC0001027228-7105,3,"2""",U010-S-7105-3-172-A,"2""-S-7105-1CBC02-F2-64.",,,,,,231,,1,,,,,,
172,172,,X,,,,U010,,1CBC02,NONE,DOC0001027228-7105,3,"2""",U010-S-7105-3-172-B,"2""-S-7105-1CBC02-F2-64.",,,,,,231,,1,,,,,,
178,178-A,,X,,,,U010,,1CBC02,NONE,DOC0001027228-7115,2,"4""",U010-S-7115-2-178-A,"4""-S-7115-1CBC02",,,,,,231,,1,,,,,,
179,179-A,,X,,,,U010,,6CBC02,NONE,DOC0001027228-7128,1,"2""",U010-S-7128-1-179-A,"2""-S-7128-ZCSC01-H3-25.",,,,,,231,,1,,,,,,
180,180-A,,X,,,,U010,,6CBC02,NONE,DOC0001027228-7128,3,"2""",U010-S-7128-3-180-A,"2""-S-7128-6CBC02-H3-25.",,,,,,231,,1,,,,,,
180,180-B,,X,,,,U010,,6CBC02,NONE,DOC0001027228-7128,3,"2""",U010-S-7128-3-180-B,"2""-S-7128-6CBC02-H3-25.",,,,,,231,,1,,,,,,
181,181,,X,,,,U010,,6CBC02,NONE,DOC0001027228-7128,4,"2""",U010-S-7128-4-181-A,"2""-S-7128-6CBC02-H3-50.",,,,,,231,,1,,,,,,
181,181,,X,,,,U010,,6CBC02,NONE,DOC0001027228-7128,4,"2""",U010-S-7128-4-181-B,"2""-S-7128-6CBC02-H3-50.",,,,,,231,,1,,,,,,
182,182-A,,X,,,,U010,,6CBC02,NONE,DOC0001027228-7128,5,"2""",U010-S-7128-5-182-A,"2""-S-7128-6CBC02-H3-50.",,,,,,231,,1,,,,,,
182,182,,X,,,,U010,,6CBC02,NONE,DOC0001027228-7128,5,"2""",U010-S-7128-5-182-B,"2""-S-7128-6CBC02-H3-50.",,,,,,231,,1,,,,,,
182,182,,X,,,,U010,,6CBC02,NONE,DOC0001027228-7128,5,"2""",U010-S-7128-5-182-C,"2""-S-7128-6CBC02-H3-50.",,,,,,231,,1,,,,,,
183,183,,X,,,,U010,,1CBB01,C093U3,DOC0001027228-8201,1,"3""",U010-N-8201-1-183-A,"3""-N-8201-1CBB01",,,,,,231,,1,,,,,,
183,183,,X,,,,U010,,1CBB01,C093U3,DOC0001027228-8201,1,"3""",U010-N-8201-1-183-B,"3""-N-8201-1CBB01",,,,,,231,,1,,,,,,
184,184-A,,X,,,,U010,,1CBB01,C093U3,DOC0001027228-8201,1,"3""",U010-N-8201-2-184-A,"3""-N-8201-1CBB01",,,,,,231,,2,,,,,,
185,185-A,,X,,,,U010,,1CBB01,C093U3,DOC0001027228-8202,1,"3""",U010-N-8202-1-185-A,"3""-N-8202-1CBB01",,,,,,231,,1,,,,,,
185,185-B,,X,,,,U010,,1CBB01,C093U3,DOC0001027228-8202,1,"3""",U010-N-8202-1-185-B,"3""-N-8202-1CBB01",,,,,,231,,1,,,,,,
186,186-A,,X,,,,U010,,1CBB01,C093U3,DOC0001027228-8202,3,"3""",U010-N-8202-3-186-A,"3""-N-8202-1CBB01",,,,,,231,,1,,,,,,
186,186-B,,X,,,,U010,,1CBB01,C093U3,DOC0001027228-8202,3,"3""",U010-N-8202-3-186-B,"3""-N-8202-1CBB01",,,,,,231,,1,,,,,,
187,187-A,,X,,,,U010,,1CBB01,C093U3,DOC0001027228-8202,4,"3""",U010-N-8202-4-187-A,"3""-N-8202-1CBB01",,,,,,231,,1,,,,,,
187,187-B,,X,,,,U010,,1CBB01,C093U3,DOC0001027228-8202,4,"3""",U010-N-8202-4-187-B,"3""-N-8202-1CBB01",,,,,,231,,1,,,,,,
188,188-A,,X,,,,U010,,1CBC01,C093U3,DOC0001027228-8203,1,"4""",U010-N-8203-1-188-A,"4""-N-8203-1CBB01",,,,,,231,,1,,,,,,
189,189-A,,X,,,,U010,,1CBC01,C093U3,DOC0001027228-8203,3,"8""",U010-N-8203-3-189-A,"8""-N-8203-ZCSC01",,,,,,231,,1,,,,,,
190,190-A,,X,,,,U010,,1CBB01,C093U3,DOC0001027228-8205,1,"2""",U010-N-8205-1-190-A,"2""-N-8205-1CBB01",,,,,,231,,1,,,,,,
190,190-B,,X,,,,U010,,1CBB01,C093U3,DOC0001027228-8205,1,"2""",U010-N-8205-1-190-B,"2""-N-8205-1CBB01",,,,,,231,,1,,,,,,
191,191-A,,X,,,,U010,,1CBB01,C093U3,DOC0001027228-8208,1,"3""",U010-N-8208-1-191-A,"3""-N-8208-1CBB01",,,,,,231,,1,,,,,,
192,192-A,,X,,,,U010,,1CBB01,C093U3,DOC0001027228-8208,2,"3""",U010-N-8208-2-192-A,"3""-N-8208-1CBB01",,,,,,231,,1,,,,,,
192,192-B,,X,,,,U010,,1CBB01,C093U3,DOC0001027228-8208,2,"3""",U010-N-8208-2-192-B,"3""-N-8208-1CBB01",,,,,,231,,1,,,,,,
193,193-A,,X,,,,U010,,1CBB01,C093U3,DOC0001027228-8208,3,"3""",U010-N-8208-2-193-A,"3""-N-8208-1CBB01",,,,,,231,,1,,,,,,
194,194-A,,X,,,,U010,,1CBB01,C093U3,DOC0001027228-8209,1,"3""",U010-N-8209-1-194-A,"3""-N-8209-1CBB01",,,,,,231,,1,,,,,,
195,195-A,,X,,,,U010,,1CBB01,C093U3,DOC0001027228-8209,2,"3""",U010-N-8209-2-195-A,"3""-N-8209-1CBB01",,,,,,231,,1,,,,,,
196,196-A,,X,,,,U010,,1CBB01,C093U3,DOC0001027228-8209,3,"3""",U010-N-8209-3-196-A,"3""-N-8209-1CBB01",,,,,,231,,1,,,,,,
197,197-A,,X,,,,U010,,1CBB01,C093U3,DOC0001027228-8209,4,"3""",U010-N-8209-4-197-A,"3""-N-8209-1CBB01",,,,,,231,,1,,,,,,
198,198,,X,,,,U010,,1CBB01,C093U3,DOC0001027228-8209,5,"3""",U010-N-8209-5-198-A,"3""-N-8209-1CBB01",,,,,,231,,1,,,,,,
198,198,,X,,,,U010,,1CBB01,C093U3,DOC0001027228-8209,5,"3""",U010-N-8209-5-198-B,"3""-N-8209-1CBB01",,,,,,231,,1,,,,,,
199,199-A,,X,,,,U010,,1CBB01,C093U3,DOC0001027228-8209,6,"3""",U010-N-8209-6-199-A,"3""-N-8209-1CBB01",,,,,,231,,1,,,,,,
200,200-A,,X,,,,U010,,1CBB01,C093U3,DOC0001027228-8209,7,"3""",U010-N-8209-7-200-A,"3""-N-8209-1CBB01",,,,,,231,,1,,,,,,
201,201-A,,X,,,,U010,,1CBB01,C093U3,DOC0001027228-8218,1,"2""",U010-N-8218-1-201-A,"2""-N-8218-1CBB01",,,,,,231,,1,,,,,,
202,202-A,,X,,,,U010,,1CBB01,C093U3,DOC0001027228-8218,2,"2""",U010-N-8218-2-202-A,"2""-N-8218-1CBB01",,,,,,231,,1,,,,,,
203,203-A,,X,,,,U010,,1CBB01,C093U3,DOC0001027228-8219,1,"8""",U010-VG-8219-1-203-A,"8""-VG-8219-1SAB07",,,,,,231,,1,,,,,,
204,204-A,,X,,,,U010,,1CBB01,C093U3,DOC0001027228-8219,2,"8""",U010-VG-8219-2-204-A,"8""-VG-8219-1CBB01",,,,,,231,,1,,,,,,
205,205-A,,X,,,,U010,,1CBB01,C093U3,DOC0001027228-8219,3,"6""",U010-VG-8219-3-205-A,"6""-VG-8219-1CBB01",,,,,,231,,1,,,,,,
209,209-A,,X,,,,U010,,1CBC01,C093U3,DOC0001027228-8230,1,"4""",U010-N-8320-1-209-A,"4""-N-8230-1CBB01",,,,,,231,,1,,,,,,
210,210-A,,X,,,,U010,,1CBC01,C093U3,DOC0001027228-8230,4,"8""",U010-N-8320-4-210-A,"8""-N-8230-1CBC01",,,,,,231,,1,,,,,,
211,211-A,,X,,,,U010,,3CBB01,C093U3,DOC0001027228-8233,1,"6""",U010-N-8233-1-211-A,"6""-N-8233-3CBB01",,,,,,231,,1,,,,,,
211,211-B,,X,,,,U010,,3CBB01,C093U3,DOC0001027228-8233,1,"6""",U010-N-8233-1-211-B,"6""-N-8233-3CBB01",,,,,,231,,1,,,,,,
212,212-A,,X,,,,U010,,3CBB01,C093U3,DOC0001027228-8233,3,"6""",U010-N-8233-3-212-A,"6""-N-8233-3CBB01",,,,,,231,,1,,,,,,
213,213-A,,X,,,,U010,,3CBB01,C093U3,DOC0001027228-8233,4,"6""",U010-N-8233-4-213-A,"6""-N-8233-3CBB01",,,,,,231,,1,,,,,,
213,213-B,,X,,,,U010,,3CBB01,C093U3,DOC0001027228-8233,4,"6""",U010-N-8233-4-213-B,"6""-N-8233-3CBB01",,,,,,231,,1,,,,,,
214,214-A,,X,,,,U010,,3CBB01,C093U3,DOC0001027228-8233,5,"6""",U010-N-8233-5-214-A,"6""-N-8233-3CBB01",,,,,,231,,1,,,,,,
215,215-A,,X,,,,U010,,3CBB01,C093U3,DOC0001027228-8233,10,"3""",U010-N-8233-5-215-A,"3""-N-8233-3CBB01",,,,,,,,,,,,,,
216,216-A,,X,,,,U010,,6CBB01,C093U3,DOC0001027228-8244,2,"8""",U010-BD-8244-1-216-A,"8""-BD-8244-6CBB01",,,,,,231,,1,,,,,,
217,217-A,,X,,,,U010,,1CBB01,C093U3,DOC0001027228-8247,1,"2""",U010-N-8247-1-217-A,"2""-N-8247-1CBB01",,,,,,231,,1,,,,,,
217,217-B,,X,,,,U010,,1CBB01,C093U3,DOC0001027228-8247,1,"2""",U010-N-8247-1-217-B,"2""-N-8247-1CBB01",,,,,,231,,1,,,,,,
218,218-A,,X,,,,U010,,1CBB01,C093U3,DOC0001027228-8247,2,"2""",U010-N-8247-2-218-A,"2""-B-8247-1CBB01",,,,,,231,,1,,,,,,
218,218-B,,X,,,,U010,,1CBB01,C093U3,DOC0001027228-8247,2,"2""",U010-N-8247-2-218-B,"2""-N-8247-1CBB01",,,,,,231,,1,,,,,,
221,221-A,,X,,,,U010,,1CBB01,C093U3,DOC0001027228-8249,1,"2""",U010-N-8249-1-221-A,"2""-N-8249-1CBB01",,,,,,231,,1,,,,,,
221,221-B,,X,,,,U010,,1CBB01,C093U3,DOC0001027228-8249,1,"2""",U010-N-8249-1-221-B,"2""-N-8249-1CBB01",,,,,,231,,1,,,,,,
222,222-A,,X,,,,U010,,1CBB01,C093U3,DOC0001027228-8249,2,"2""",U010-N-8249-2-222-A,"2""-N-8249-1CBB01",,,,,,231,,1,,,,,,
222,222-B,,X,,,,U010,,1CBB01,C093U3,DOC0001027228-8249,2,"2""",U010-N-8249-2-222-B,"2""-N-8249-1CBB01",,,,,,231,,1,,,,,,
223,223-A,,X,,,,U010,,1SAB07,NOPT,DOC0001027228-8601A,1,"2""",U010-VG-8601A-1-223-A,"2""-VG-8601A-1SAB07",,,,,,231,,1,,,,,,
224,224-A,,X,,,,U010,,1SAB07,NOPT,DOC0001027228-8601B,1,"2""",U010-VG-8601B-1-224-A,"2""-VG-8601B-1SAB07",,,,,,231,,1,,,,,,
224,224-B,,X,,,,U010,,1SAB07,NOPT,DOC0001027228-8601B,1,"2""",U010-VG-8601B-1-224-B,"2""-VG-8601B-1SAB07",,,,,,231,,1,,,,,,
225,225-A,,X,,,,U010,,1SAB07,NOPT,DOC0001027228-8601C,1,"2""",U010-VG-8601C-1-225-A,"2""-VG-8601C-1SAB07",,,,,,231,,1,,,,,,
225,225-B,,X,,,,U010,,1SAB07,NOPT,DOC0001027228-8601C,1,"2""",U010-VG-8601C-1-225-B,"2""-VG-8601C-1SAB07",,,,,,231,,1,,,,,,
226,226-A,,X,,,,U010,,1SAB07,NOPT,DOC0001027228-8601D,1,"2""",U010-VG-8601D-1-226-A,"2""-VG-8601D-1SAB07",,,,,,231,,1,,,,,,
227,227-A,,X,,,,U010,,1SAB07,NOPT,DOC0001027228-8602,1,"3""",U010-VG-8602-1-227-A,"3""-VG-8602-1SAB07",,,,,,231,,1,,,,,,
228,228-A,,X,,,,U010,,1SAB07,NOPT,DOC0001027228-8602,2,"3""",U010-VG-8602-2-228-A,"3""-VG-8602-1SAB07",,,,,,231,,1,,,,,,
228,228,,X,,,,U010,,1SAB07,NOPT,DOC0001027228-8602,2,"3""",U010-VG-8602-2-228-B,"3""-VG-8602-1SAB07",,,,,,231,,1,,,,,,
228,228,,X,,,,U010,,1SAB07,NOPT,DOC0001027228-8602,2,"3""",U010-VG-8602-2-228-C,"3""-VG-8602-1SAB07",,,,,,231,,1,,,,,,
229,229-A,,X,,,,U010,,1SAB07,NOPT,DOC0001027228-8602,3,"3""",U010-VG-8602-3-229-A,"3""-VG-8602-1SAB07",,,,,,231,,1,,,,,,
230,230-A,,X,,,,U010,,1SAB07,NOPT,DOC0001027228-8603,1,"3""",U010-H-8603-1-230-A,"3""-H-8603-1SAB07",,,,,,231,,1,,,,,,
231,231-A,,X,,,,U010,,1SAB07,NOPT,DOC0001027228-8622,1,"3""",U010-H-8622-1-231-A,"3""-H-8622-1SAB07",,,,,,231,,1,,,,,,
231,231-B,,X,,,,U010,,1SAB07,NOPT,DOC0001027228-8622,1,"3""",U010-H-8622-1-231-B,"3""-H-8622-1SAB07",,,,,,231,,1,,,,,,
232,232-A,,X,,,,U010,,1SAB07,NOPT,DOC0001027228-8622,2,"3""",U010-H-8622-2-232-A,"3""-H-8622-1SAB07",,,,,,231,,1,,,,,,
232,232-B,,X,,,,U010,,1SAB07,NOPT,DOC0001027228-8622,2,"3""",U010-H-8622-2-232-B,"3""-H-8622-1SAB07",,,,,,231,,1,,,,,,
233,233-A,,X,,,,U010,,1SAB07,NOPT,DOC0001027228-8700,1,"14""",U010-VG-8700-1-233-A,"14""-VG-8700-1SAB07",,,,,,231,,1,,,,,,
233,233-B,,X,,,,U010,,1SAB07,NOPT,DOC0001027228-8700,1,"14""",U010-VG-8700-1-233-B,"14""-VG-8700-1SAB07",,,,,,231,,1,,,,,,
234,234-A,,X,,,,U010,,1SAB07,NOPT,DOC0001027228-8700,2,"8""",U010-VG-8700-2-234-A,"8""-VG-8700-1SAB07",,,,,,231,,1,,,,,,
235,235-A,,X,,,,U010,,1SAB07,NOPT,DOC0001027228-8700,3,"14""",U010-VG-8700-3-235-1,"14""-VG-8700-1SAB07",,,,,,231,,1,,,,,,
235,235-B,,X,,,,U010,,1SAB07,NOPT,DOC0001027228-8700,3,"14""",U010-VG-8700-3-235-B,"14""-VG-8700-1SAB07",,,,,,231,,1,,,,,,
235,235-C,X,,,,,U010,,1SAB07,NOPT,DOC0001027228-8700,3,"14""",U010-VG-8700-3-235-C,"14""-VG-8700-1SAB07",,,,,,231,,1,,,,,,
236,236,X,,,,,U010,,1SAB07,NOPT,DOC0001027228-8700,4,"20""",U010-VG-8700-4-236-A,"20""-VG-8700-1SAB07",,,,,,231,,1,,,,,,
236,236,X,,,,,U010,,1SAB07,NOPT,DOC0001027228-8700,4,"20""",U010-VG-8700-4-236-B,"20""-VG-8700-1SAB07",,,,,,231,,1,,,,,,
237,237-A,X,,,,,U010,,1SAB07,NOPT,DOC0001027228-8700,5,"8""",U010-VG-8700-5-237-A,"8""-VG-8700-1SAB07",,,,,,231,,1,,,,,,
237,237-B,X,,,,,U010,,1SAB07,NOPT,DOC0001027228-8700,5,"8""",U010-VG-8700-5-237-B,"8""-VG-8700-1SAB07",,,,,,231,,1,,,,,,
238,238-A,X,,,,,U010,,1SAB07,NOPT,DOC0001027228-8700,6,"8""",U010-VG-8700-6-238-A,"8""-VG-8700-1SAB07",,,,,,231,,1,,,,,,
238,238-B,X,,,,,U010,,1SAB07,NOPT,DOC0001027228-8700,6,"8""",U010-VG-8700-6-238-B,"8""-VG-8700-1SAB07",,,,,,231,,1,,,,,,
239,239-A,X,,,,,U010,,1SAB07,NOPT,DOC0001027228-8700,7,"8""",U010-VG-8700-7-239-A,"8""-VG-8700-1SAB07",,,,,,231,,1,,,,,,
239,239-B,X,,,,,U010,,1SAB07,NOPT,DOC0001027228-8700,7,"8""",U010-VG-8700-7-239-B,"8""-VG-8700-1SAB07",,,,,,231,,1,,,,,,
240,240-A,,X,,,,U010,,1CBB01,C093U3,DOC0001027228-8800,1,"6""",U010-H-8800-1-240-A,"6""-H-8800-1CBB01",,,,,,231,,1,,,,,,
240,240-B,,X,,,,U010,,1CBB01,C093U3,DOC0001027228-8800,1,"6""",U010-H-8800-1-240-B,"6""-H-8800-1CBB01",,,,,,231,,1,,,,,,
241,241-A,,X,,,,U010,,1CBB01,C093U3,DOC0001027228-8800,2,"6""",U010-H-8800-2-241-A,"6""-H-8800-1SAB07",,,,,,231,,1,,,,,,
241,241-B,,X,,,,U010,,1CBB01,C093U3,DOC0001027228-8800,2,"6""",U010-H-8800-2-241-B,"6""-H-8800-1SAB07",,,,,,231,,1,,,,,,
241,241-C,,X,,,,U010,,1CBB01,C093U3,DOC0001027228-8800,2,"6""",U010-H-8800-2-241-C,"6""-H-8800-1SAB07",,,,,,231,,1,,,,,,
242,242-A,X,,,,,U010,,1CBB01,C093U3,DOC0001027228-8800,3,"6""",U010-H-8800-3-242-A,"6""-H-8800-1SAB07",,,,,,231,,1,,,,,,
243,243-A,X,,,,,U010,,1CBB01,C093U3,DOC0001027228-8800,4,"6""",U010-H-8800-4-243-A,"6""-H-8800-1SAB07",,,,,,231,,1,,,,,,
244,244-A,X,,,,,U010,,1SAB07,NOPT,DOC0001027228-8803,1,"8""",U010-VG-8803-1-244-A,"8""-VG-8803-1CBB01",,,,,,231,,1,,,,,,
245,245-A,X,,,,,U010,,1SAB07,NOPT,DOC0001027228-8803,2,"14""",U010-VG-8803-2-245-A,"14""-VG-8803-1SAB07",,,,,,231,,1,,,,,,
245,245-B,X,,,,,U010,,1SAB07,NOPT,DOC0001027228-8803,2,"14""",U010-VG-8803-2-245-B,"14""-VG-8803-1SAB07",,,,,,231,,1,,,,,,
246,246-A,X,,,,,U010,,1SAB07,NOPT,DOC0001027228-8803,3,"14""",U010-VG-8803-3-246-A,"14""-VG-8803-1SAB07",,,,,,231,,1,,,,,,
247,247-A,X,,,,,U010,,1SAB07,NOPT,DOC0001027228-8803,4,"14""",U010-VG-8803-4-247-A,"14""-VG-8803-1SAB07",,,,,,231,,1,,,,,,
248,248-A,X,,,,,U010,,1SAB07,NOPT,DOC0001027228-8803,5,"14""",U010-VG-8803-5-248-A,"14""-VG-8803-1SAB07",,,,,,231,,1,,,,,,
249,249-A,X,,,,,U010,,1SAB07,NOPT,DOC0001027228-8803,6,"14""",U010-VG-8803-6-249-A,"14""-VG-8803-1SAB07",,,,,,231,,1,,,,,,
250,250-A,X,,,,,U010,,1SAB07,NOPT,DOC0001027228-8803,7,"14""",U010-VG-8803-7-250-A,"14""-VG-8803-1SAB07",,,,,,231,,1,,,,,,
250,250-B,X,,,,,U010,,1SAB07,NOPT,DOC0001027228-8803,7,"14""",U010-VG-8803-7-250-B,"14""-VG-8803-1SAB07",,,,,,231,,1,,,,,,
250,250-C,X,,,,,U010,,1SAB07,NOPT,DOC0001027228-8803,7,"14""",U010-VG-8803-7-250-C,"14""-VG-8803-1SAB07",,,,,,231,,1,,,,,,
251,251-A,X,,,,,U010,,1SAB07,NOPT,DOC0001027228-8806A,1,"3""",U010-H-8806A-1-251-A,"3""-H-8806A-1SAB07",,,,,,231,,1,,,,,,
252,252-A,X,,,,,U010,,1SAB07,NOPT,DOC0001027228-8809,1,"8""",U010-VG-8809-1-252-A,"8""-VG-8809-1SAB07",,,,,,231,,1,,,,,,
253,253-A,X,,,,,U010,,1SAB07,NOPT,DOC0001027228-8809,2,"8""",U010-VG-8809-2-253-A,"8""-VG-8809-1SAB07",,,,,,231,,1,,,,,,
253,253-B,X,,,,,U010,,1SAB07,NOPT,DOC0001027228-8809,2,"8""",U010-VG-8809-2-253-B,"8""-VG-8809-1SAB07",,,,,,231,,1,,,,,,
253,253-C,X,,,,,U010,,1SAB07,NOPT,DOC0001027228-8809,2,"8""",U010-VG-8809-2-253-C,"8""-VG-8809-1SAB07",,,,,,231,,1,,,,,,
254,254-A,X,,,,,U010,,1SAB07,NOPT,DOC0001027228-8809,3,"8""",U010-VG-8809-3-254-A,"8""-VG-8809-1SAB07",,,,,,231,,1,,,,,,
255,255,X,,,,,U010,,1SAB07,NOPT,DOC0001027228-8809,4,"8""",U010-VG-8809-4-255-A,"8""-VG-8809-1SAB07",,,,,,231,,1,,,,,,
255,255,X,,,,,U010,,1SAB07,NOPT,DOC0001027228-8809,4,"8""",U010-VG-8809-4-255-B,"8""-VG-8809-1SAB07",,,,,,231,,1,,,,,,
255,255,X,,,,,U010,,1SAB07,NOPT,DOC0001027228-8809,4,"8""",U010-VG-8809-4-255-C,"8""-VG-8809-1SAB07",,,,,,231,,1,,,,,,
255,255,X,,,,,U010,,1SAB07,NOPT,DOC0001027228-8809,4,"8""",U010-VG-8809-4-255-D,"8""-VG-8809-1SAB07",,,,,,231,,1,,,,,,
256,256-A,X,,,,,U010,,1SAB07,NOPT,DOC0001027228-8809,5,"8""",U010-VG-8809-5-256-A,"8""-VG-8809-1SAB07",,,,,,231,,1,,,,,,
256,256-B,X,,,,,U010,,1SAB07,NOPT,DOC0001027228-8809,5,"8""",U010-VG-8809-5-256-B,"8""-VG-8809-1SAB07",,,,,,231,,1,,,,,,
257,257-A,X,,,,,U010,,1SAB07,NOPT,DOC0001027228-8809,6,"2""",U010-VG-8809-6-257-A,"2""-VG-8809-1SAB07",,,,,,231,,1,,,,,,
258,258-A,X,,,,,U010,,1SAB07,NOPT,DOC0001027228-8809,9,"8""",U010-VG-8809-9-258-A,"8""-VG-8809-1SAB07",,,,,,231,,1,,,,,,
259,259-A,X,,,,,U010,,1SAB07,NOPT,DOC0001027228-8809,10,"3""",U010-VG-8809-10-259-A,"3""-VG-8809-1SAB07",,,,,,231,,1,,,,,,
260,260-A,X,,,,,U010,,1SAB07,NOPT,DOC0001027228-8809,11,"3""",U010-VG-8809-11-260-A,"3""-VG-8809-1SAB07",,,,,,231,,1,,,,,,
261,261-A,X,,,,,U010,,1SAB07,NOPT,DOC0001027228-8809,12,"3""",U010-VG-8809-12-261-A,"3""-VG-8809-1SAB07",,,,,,231,,1,,,,,,
262,262-A,X,,,,,U010,,1SAB07,NOPT,DOC0001027228-8809,13,"3""",U010-VG-8809-13-262-A,"3""-VG-8809-1SAB07",,,,,,231,,1,,,,,,
263,263-A,X,,,,,U010,,1SAB07,NOPT,DOC0001027228-8809,14,"3""",U010-VG-8809-14-263-A,"3""-VG-8809-1SAB07",,,,,,231,,1,,,,,,
264,264-A,X,,,,,U010,,1SAB07,NOPT,DOC0001027228-8809,15,"3""",U010-VG-8809-15-264-A,"3""-VG-8809-1SAB07",,,,,,231,,1,,,,,,
265,265-A,,X,,,,U010,,1CBB01,C093U3,DOC0001027228-8815,1,"12""",U010-VG-8815-1-265-A,"12""-VG-8815-1SAB07",,,,,,231,,1,,,,,,
265,265-B,,X,,,,U010,,1CBB01,C093U3,DOC0001027228-8815,1,"12""",U010-VG-8815-1-265-B,"12""-VG-8815-1SAB07",,,,,,231,,1,,,,,,
266,266-A,,X,,,,U010,,1SAB07,NOPT,DOC0001027228-8816,1,"8""",U010-VG-8816-1-266-A,"8""-VG-8816-1SAB07",,,,,,231,,1,,,,,,
267,267-A,,X,,,,U010,,1SAB07,NOPT,DOC0001027228-8816,2,"8""",U010-VG-8816-2-267-A,"8""-VG-8816-1SAB07",,,,,,231,,1,,,,,,
268,268-A,,X,,,,U010,,1SAB07,NOPT,DOC0001027228-8816,3,"4""",U010-VG-8816-3-268-A,"4""-VG-8816-1SAB07",,,,,,231,,1,,,,,,
269,269,,X,,,,U010,,1SAB07,NOPT,DOC0001027228-8816,4,"8""",U010-VG-8816-4-269-A,"8""-VG-8816-1SAB07",,,,,,231,,1,,,,,,
269,269,,X,,,,U010,,1SAB07,NOPT,DOC0001027228-8816,4,"8""",U010-VG-8816-4-269-B,"8""-VG-8816-1SAB07",,,,,,231,,1,,,,,,
269,269-C,,X,,,,U010,,1SAB07,NOPT,DOC0001027228-8816,5,"8""",U010-VG-8816-4-269-C,"8""-VG-8816-1SAB07",,,,,,231,,1,,,,,,
270,270,,X,,,,U010,,1SAB07,NOPT,DOC0001027228-8816,6,"8""",U010-VG-8816-6-270-A,"8""-VG-8816-1SAB07",,,,,,231,,1,,,,,,
270,270,,X,,,,U010,,1SAB07,NOPT,DOC0001027228-8816,6,"8""",U010-VG-8816-6-270-B,"8""-VG-8816-1SAB07",,,,,,231,,1,,,,,,
271,271,,X,,,,U010,,1SAB07,NOPT,DOC0001027228-8820,1,"20""",U010-VG-8820-1-271-A,"20""-VG-8820-1SAB07",,,,,,231,,1,,,,,,
271,271,,X,,,,U010,,1SAB07,NOPT,DOC0001027228-8820,1,"20""",U010-VG-8820-1-271-B,"20""-VG-8820-1SAB07",,,,,,231,,1,,,,,,
271,271,,X,,,,U010,,1SAB07,NOPT,DOC0001027228-8820,1,"20""",U010-VG-8820-1-271-C,"20""-VG-8820-1SAB07",,,,,,231,,1,,,,,,
272,272-A,,X,,,,U010,,1SAB07,NOPT,DOC0001027228-8820,2,"20""",U010-VG-8820-2-272-A,"20""-VG-8820-1SAB07",,,,,,231,,1,,,,,,
272,272,,X,,,,U010,,1SAB07,NOPT,DOC0001027228-8820,2,"20""",U010-VG-8820-2-272-B,"20""-VG-8820-1SAB07",,,,,,231,,1,,,,,,
272,272,,X,,,,U010,,1SAB07,NOPT,DOC0001027228-8820,2,"20""",U010-VG-8820-2-272-C,"20""-VG-8820-1SAB07",,,,,,231,,1,,,,,,
273,273-A,,X,,,,U010,,1SAB07,NOPT,DOC0001027228-8834,1,"3""",U010-VG-8834-1-273-A,"3""-VG-8834-1SAB07",,,,,,231,,1,,,,,,
273,273-B,,X,,,,U010,,1SAB07,NOPT,DOC0001027228-8834,1,"3""",U010-VG-8834-1-273-B,"3""-VG-8834-1SAB07",,,,,,231,,1,,,,,,
274,274-A,,X,,,,U010,,1SAB07,NOPT,DOC0001027228-8834,2,"3""",U010-VG-8834-2-274-A,"3""-VG-8834-1SAB07",,,,,,231,,1,,,,,,
275,275-A,,X,,,,U010,,1CBB01,C093U3,DOC0001027228-8848,1,"3""",U010-N-8848-1-275-A,"3""-N-8848-1CBB01",,,,,,231,,1,,,,,,
276,276-A,,X,,,,U010,,1CBB01,C093U3,DOC0001027228-8848,2,"3""",U010-N-8848-2-276-A,"3""-N-8848-1CBB01",,,,,,231,,1,,,,,,
277,277-A,,X,,,,U010,,1CBB01,C093U3,DOC0001027228-8848,3,"3""",U010-N-8848-3-277-A,"3""-N-8848-1CBB01",,,,,,231,,1,,,,,,
278,278-A,,X,,,,U010,,1CBB01,C093U3,DOC0001027228-8848,4,"2""",U010-N-8848-4-278-A,"2""-N-8848-1CBB01",,,,,,231,,1,,,,,,
278,278-B,,X,,,,U010,,1CBB01,C093U3,DOC0001027228-8848,4,"2""",U010-N-8848-4-278-B,"2""-N-8848-1CBB01",,,,,,231,,1,,,,,,
279,279-A,,X,,,,U010,,1CBB01,C093U3,DOC0001027228-8848,6,"2""",U010-N-8848-6-279-A,"2""-N-8848-1CBB01",,,,,,231,,1,,,,,,
280,280-A,,X,,,,U010,,1CBB01,C093U3,DOC0001027228-8864,2,"8""",U010-VG-8864-2-280-A,"8""-VG-8864-1CBB01",,,,,,231,,1,,,,,,
281,281-A,,X,,,,U010,,1SAB07,NOPT,DOC0001027228-8865,1,"3""",U010-VG-8865-1-281-A,"3""-VG-8865-1CBB01",,,,,,231,,1,,,,,,
281,281-B,,X,,,,U010,,1SAB07,NOPT,DOC0001027228-8865,1,"3""",U010-VG-8865-1-281-B,"3""-VG-8865-1CBB01",,,,,,231,,1,,,,,,
282,282-A,,X,,,,U010,,1SAB07,NOPT,DOC0001027228-8865,2,"3""",U010-VG-8865-2-282-A,"3""-VG-8865-1CBB01",,,,,,231,,1,,,,,,
282,282-B,,X,,,,U010,,1SAB07,NOPT,DOC0001027228-8865,2,"3""",U010-VG-8865-2-282-B,"3""-VG-8865-1CBB01",,,,,,231,,1,,,,,,
283,283-A,,X,,,,U010,,1SAB07,NOPT,DOC0001027228-8868,1,"2""",U010-VG-8868-1-283-A,"2""-VG-8868-1SAB07",,,,,,231,,1,,,,,,
283,283-B,,X,,,,U010,,1SAB07,NOPT,DOC0001027228-8868,1,"2""",U010-VG-8868-1-283-B,"2""-VG-8868-1SAB07",,,,,,231,,1,,,,,,
284,284,,X,,,,U010,,1SAB07,NOPT,DOC0001027228-8868,2,"2""",U010-VG-8868-2-284-A,"2""-VG-8868-1SAB07",,,,,,231,,1,,,,,,
284,284,,X,,,,U010,,1SAB07,NOPT,DOC0001027228-8868,3,"2""",U010-VG-8868-2-284-B,"2""-VG-8868-1SAB07",,,,,,231,,1,,,,,,
285,285-A,,X,,,,U010,,ZCSC01,C230U,DOC0001027228-9001,1,"6""",U010-VG-9001-1-285-A,"6""-VG-9001-ZCSC01",,,,,,231,,1,,,,,,
285,285-B,,X,,,,U010,,ZCSC01,C230U,DOC0001027228-9001,1,"6""",U010-VG-9001-1-285-B,"6""-VG-9001-ZCSC01",,,,,,231,,1,,,,,,
286,286-A,,X,,,,U010,,ZCSC01,C230U,DOC0001027228-9011,1,"6""",U010-CW-9011-1-286-A,"6""-CW-9011-ZCSC01",,,,,,231,,1,,,,,,
287,287-A,,X,,,,U010,,ZCSC01,C230U,DOC0001027228-9014A,1,"3""",U010-CW-9014A-1-287-A,"3""-CW-9014A-ZCSC01",,,,,,231,,1,,,,,,
288,288-A,,X,,,,U010,,ZCSC01,C230U,DOC0001027228-9014A,2,"3""",U010-CW-9014A-2-288-A,"3""-CW-9014A-ZCSC01",,,,,,231,,1,,,,,,
289,289-A,,X,,,,U010,,ZCSC01,C230U,DOC0001027228-9014B,1,"3""",U010-CW-9014B-1-289-A,"3""-CW-9014B-ZCSC01",,,,,,231,,1,,,,,,
290,290-A,,X,,,,U010,,ZCSC01,C230U,DOC0001027228-9014B,1,"3""",U010-CW-9014B-2-290-A,"3""-CW-9014B-ZCSC01",,,,,,231,,1,,,,,,
291,291-A,X,,,,,U010,,ZCSC01,C230U,DOC0001027228-9072,1,"20""",U010-CW-9072-1-291-A,"20""-CW-9072-ZCSC01",,,,,,231,,1,,,,,,
292,292-A,X,,,,,U010,,ZCSC01,C230U,DOC0001027228-9072,2,"18""",U010-CW-9072-2-292-A,"18""-CW-9072-ZCSC01",,,,,,231,,1,,,,,,
292,292-B,X,,,,,U010,,ZCSC01,C230U,DOC0001027228-9072,2,"18""",U010-CW-9072-2-292-B,"18""-CW-9072-ZCSC01",,,,,,231,,1,,,,,,
293,293,X,,,,,U010,,ZCSC01,C230U,DOC0001027228-9072,3,"14""",U010-CW-9072-3-293-A,"14""-CW-9072-ZCSC01",,,,,,231,,1,,,,,,
293,293,X,,,,,U010,,ZCSC01,C230U,DOC0001027228-9072,3,"14""",U010-CW-9072-3-293-B,"14""-CW-9072-ZCSC01",,,,,,231,,1,,,,,,
294,294-A,X,,,,,U010,,ZCSC01,C230U,DOC0001027228-9072,4,"6""",U010-CW-9072-4-294-A,"6""-CW-9072-ZCSC01",,,,,,231,,1,,,,,,
295,295-A,X,,,,,U010,,1CBC03,C093U3,DOC0001027228-9201,1,"3""",U010-WW-9901-1-325-A,"3""-N-9201-1CBC03",,,,,,231,,1,,,,,,
296,296-A,X,,,,,U010,,1CBC03,C093U3,DOC0001027228-9204,1,"2""",U010-N-9204-1-296-A,"2""-N-9204-1CBC03",,,,,,231,,1,,,,,,
297,297-A,X,,,,,U010,,1CBB01,C093U3,DOC0001027228-9214,2,"2""",U010-N-9214-1-297-A,"2""-N-9214-1CBB01",,,,,,231,,1,,,,,,
298,298-A,X,,,,,U010,,1CBB01,C093U3,DOC0001027228-9214,2,"2""",U010-N-9214-2-298-A,"2""-N-9214-1CBB01",,,,,,231,,1,,,,,,
299,299-A,X,,,,,U010,,1CBB01,C093U3,DOC0001027228-9214,5,"2""",U010-N-9214-5-299-A,"2""-N-9214-1CBB01",,,,,,231,,1,,,,,,
300,300-A,X,,,,,U010,,1CBB01,C093U3,DOC0001027228-9214,8,"2""",U010-N-9214-8-300-A,"2""-N-9214-1CBC03",,,,,,231,,1,,,,,,
301,301-A,X,,,,,U010,,1CBB01,C093U3,DOC0001027228-9214,6,"2""",U010-N-9214-6-301-A,"2""-N-9214-1CBB01",,,,,,231,,1,,,,,,
302,302-A,X,,,,,U010,,1CBC03,C093U3,DOC0001027228-9216,1,"2""",U010-N-9216-1-302-A,"2""-N-9216-1CBC03",,,,,,231,,1,,,,,,
303,303,,X,,,,U010,,1CBC03,C093U3,DOC0001027228-9216,2,"2""",U010-N-9216-2-303-A,"2""-N-9216-1CBC03",,,,,,231,,1,,,,,,
303,303,,X,,,,U010,,1CBC03,C093U3,DOC0001027228-9216,4,"2""",U010-N-9216-4-303-B,"1 1/2""-N-9254-1CBC03",,,,,,231,,1,,,,,,
303,303,,X,,,,U010,,1CBC03,C093U3,DOC0001027228-9216,4,"2""",U010-N-9216-4-303-C,"1 1/2""-N-9254-1CBC03",,,,,,231,,1,,,,,,
303,303,,X,,,,U010,,1CBC03,C093U3,DOC0001027228-9216,4,"2""",U010-N-9216-4-303-D,"1 1/2""-N-9254-1CBC03",,,,,,231,,1,,,,,,
303,303,,X,,,,U010,,1CBC03,C093U3,DOC0001027228-9216,4,"2""",U010-N-9216-4-303-E,"1 1/2""-N-9254-1CBC03",,,,,,231,,1,,,,,,
304,304-A,,X,,,,U010,,1CBC03,C093U3,DOC0001027228-9216,3,"2""",U010-N-9216-3-304-A,"2""-N-9216-1CBC03",,,,,,231,,1,,,,,,
304,304-B,,X,,,,U010,,1CBC03,C093U3,DOC0001027228-9216,3,"2""",U010-N-9216-3-304-B,"2""-N-9216-1CBC03",,,,,,231,,1,,,,,,
305,305,,X,,,,U010,,1CBC03,C093U3,DOC0001027228-9217,1,"2""",U010-N-9217-1-305-A,"2""-N-9217-1CBC03",,,,,,231,,1,,,,,,
305,305,,X,,,,U010,,1CBC03,C093U3,DOC0001027228-9217,1,"2""",U010-N-9217-1-305-B,"2""-N-9217-1CBC03",,,,,,231,,1,,,,,,
305,305,,X,,,,U010,,1CBC03,C093U3,DOC0001027228-9217,1,"2""",U010-N-9217-1-305-C,"2""-N-9217-1CBC03",,,,,,231,,1,,,,,,
305,305,,X,,,,U010,,1CBC03,C093U3,DOC0001027228-9217,1,"2""",U010-N-9217-1-305-D,"2""-N-9217-1CBC03",,,,,,231,,1,,,,,,
306,306-A,,X,,,,U010,,1CBC03,C093U3,DOC0001027228-9217,3,"2""",U010-N-9217-3-306-A,"2""-N-9217-1CBC03",,,,,,231,,1,,,,,,
306,306-B,,X,,,,U010,,1CBC03,C093U3,DOC0001027228-9217,3,"2""",U010-N-9217-3-306-B,"2""-N-9217-1CBC03",,,,,,231,,1,,,,,,
307,307-A,,X,,,,U010,,1CBC03,C093U3,DOC0001027228-9217,4,"2""",U010-N-9217-4-307-A,"2""-N-9217-1CBC03",,,,,,231,,1,,,,,,
307,307-B,,X,,,,U010,,1CBC03,C093U3,DOC0001027228-9217,4,"2""",U010-N-9217-4-307-B,"2""-N-9217-1CBC03",,,,,,231,,1,,,,,,
308,308-A,,X,,,,U010,,ZCSC01,C230U,DOC0001027228-9400,1,"20""",U010-CW-9400-1-308-A,"20""-CW-9400-ZCSC01",,,,,,231,,1,,,,,,
308,308-B,,X,,,,U010,,ZCSC01,C230U,DOC0001027228-9400,1,"20""",U010-CW-9400-1-308-B,"20""-CW-9400-ZCSC01",,,,,,231,,1,,,,,,
308,308-C,,X,,,,U010,,ZCSC01,C230U,DOC0001027228-9400,1,"20""",U010-CW-9400-1-308-C,"20""-CW-9400-ZCSC01",,,,,,231,,1,,,,,,
309,309-A,,X,,,,U010,,ZCSC01,C230U,DOC0001027228-9400,2,"18""",U010-CW-9400-2-309-A,"18""-CW-9400-ZCSC01",,,,,,231,,1,,,,,,
309,309-B,,X,,,,U010,,ZCSC01,C230U,DOC0001027228-9400,2,"18""",U010-CW-9400-2-309-B,"18""-CW-9400-ZCSC01",,,,,,231,,1,,,,,,
310,310,,X,,,,U010,,ZCSC01,C230U,DOC0001027228-9400,3,"8""",U010-CW-9400-3-310-A,"8""-CW-9400-ZCSC01",,,,,,231,,1,,,,,,
310,310,,X,,,,U010,,ZCSC01,C230U,DOC0001027228-9400,3,"8""",U010-CW-9400-3-310-B,"8""-CW-9400-ZCSC01",,,,,,231,,1,,,,,,
310,310-C,,X,,,,U010,,ZCSC01,C230U,DOC0001027228-9400,3,"8""",U010-CW-9400-3-310-C,"8""-CW-9400-ZCSC01",,,,,,231,,1,,,,,,
311,311-A,,X,,,,U010,,ZCSC01,C230U,DOC0001027228-9400,4,"6""",U010-CW-9400-4-311-A,"6""-CW-9400-ZCSC01",,,,,,231,,1,,,,,,
311,311-B,,X,,,,U010,,ZCSC01,C230U,DOC0001027228-9400,4,"6""",U010-CW-9400-4-311-B,"6""-CW-6400-ZCSC01",,,,,,231,,1,,,,,,
312,312-A,,X,,,,U010,,ZCSC01,C093U3,DOC0001027228-9555,1,"2""",U010-CW-9555-1-312-A,"2""-CW-9555-ZCSC01",,,,,,231,,1,,,,,,
313,313-A,,X,,,,U010,,ZCSC01,C093U3,DOC0001027228-9556,1,"4""",U010-CW-9556-1-313-A,"4""-CW-9556-ZCSC01",,,,,,231,,1,,,,,,
314,314-A,,X,,,,U010,,ZCSC01,C093U3,DOC0001027228-9556,2,"4""",U010-CW-9556-2-314-A,"4""-CW-9556-ZCSC01",,,,,,231,,1,,,,,,
314,314-B,,X,,,,U010,,ZCSC01,C093U3,DOC0001027228-9556,2,"4""",U010-CW-9556-2-314-B,"4""-CW-9556-ZCSC01",,,,,,231,,1,,,,,,
315,315-A,,X,,,,U010,,ZCSC01,C230U,DOC0001027228-9557,1,"2""",U010-CW-9557-1-315-A,"2""-CW-9557-ZCSC01",,,,,,231,,1,,,,,,
316,316-A,,X,,,,U010,,ZCSC01,C093U3,DOC0001027228-9558,1,"4""",U010-CW-9558-1-316-A,"4""-CW-9558-ZCSC01",,,,,,231,,1,,,,,,
317,317-A,,X,,,,U010,,ZCSC01,C093U3,DOC0001027228-9558,2,"4""",U010-CW-9558-2-317-A,"4""-CW-9558-ZCSC01",,,,,,231,,1,,,,,,
317,317-B,,X,,,,U010,,ZCSC01,C093U3,DOC0001027228-9558,2,"4""",U010-CW-9558-2-317-B,"4""-CW-9558-ZCSC01",,,,,,231,,1,,,,,,
318,318-A,,X,,,,U010,,ZCSC01,C093U3,DOC0001027228-9809,1,"4""",U010-SW-9809-1-318-A,"4""-SW-9809-ZCSC01",,,,,,231,,1,,,,,,
319,319-A,,X,,,,U010,,ZCSC01,C093U3,DOC0001027228-9809,2,"4""",U010-SW-9809-2-319-A,"4""-SW-9809-ZCSC01",,,,,,231,,1,,,,,,
320,320-A,,X,,,,U010,,ZCSC01,C093U3,DOC0001027228-9811,1,"6""",U010-SW-9811-1-320-A,"6""-SW-9811-ZCSC01",,,,,,231,,1,,,,,,
321,321-A,,X,,,,U010,,ZCSC01,C093U3,DOC0001027228-9811,2,"4""",U010-SW-9811-2-321-A,"4""-SW-9811-ZCSC01",,,,,,231,,1,,,,,,
321,321-B,,X,,,,U010,,ZCSC01,C093U3,DOC0001027228-9811,2,"4""",U010-SW-9811-2-321-B,"4""-SW-9811-ZCSC01",,,,,,231,,1,,,,,,
321,321-C,,X,,,,U010,,ZCSC01,C093U3,DOC0001027228-9811,2,"4""",U010-SW-9811-2-321-C,"4""-SW-9811-ZCSC01",,,,,,231,,1,,,,,,
322,322,,X,,,,U010,,ZCSC01,C093U3,DOC0001027228-9811,3,"4""",U010-SW-9811-3-322-A,"4""-SW-9811-ZCSC01",,,,,,231,,1,,,,,,
322,322,,X,,,,U010,,ZCSC01,C093U3,DOC0001027228-9811,3,"4""",U010-SW-9811-3-322-B,"4""-SW-9811-ZCSC01",,,,,,231,,1,,,,,,
322,322,,X,,,,U010,,ZCSC01,C093U3,DOC0001027228-9811,3,"4""",U010-SW-9811-3-322-C,"4""-SW-9811-ZCSC01",,,,,,231,,1,,,,,,
322,322,,X,,,,U010,,ZCSC01,C093U3,DOC0001027228-9811,3,"4""",U010-SW-9811-3-322-D,"4""-SW-9811-ZCSC01",,,,,,231,,1,,,,,,
322,322,,X,,,,U010,,ZCSC01,C093U3,DOC0001027228-9811,3,"4""",U010-SW-9811-3-322-E,"4""-SW-9811-ZCSC01",,,,,,231,,1,,,,,,
323,323-A,,X,,,,U010,,ZCSC01,C093U3,DOC0001027228-9812,0,"2""",U010-SW-9812-1-323-A,"2""-SW-9812-ZCSC01",,,,,,231,,1,,,,,,
324,324,,X,,,,U010,,ZCSC01,C093U3,DOC0001027228-9812,2,"2""",U010-SW-9812-2-324-A,"2""-SW-9812-ZCSC01",,,,,,231,,0,,,,,,
324,324,,X,,,,U010,,ZCSC01,C093U3,DOC0001027228-9812,2,"2""",U010-SW-9812-2-324-B,"2""-SW-9812-ZCSC01",,,,,,231,,0,,,,,,
324,324,,X,,,,U010,,ZCSC01,C093U3,DOC0001027228-9812,2,"2""",U010-SW-9812-2-324-C,"2""-SW-9812-ZCSC01",,,,,,231,,0,,,,,,
324,324,,X,,,,U010,,ZCSC01,C093U3,DOC0001027228-9812,2,"2""",U010-SW-9812-2-324-D,"2""-SW-9812-ZCSC01",,,,,,231,,0,,,,,,
325,325-A,,X,,,,U010,,ZCSC01,C093U3,DOC0001027228-9901,1,"6""",U010-WW-9901-1-325-A,"6""-WW-9901-ZCSC01",,,,,,231,,1,,,,,,
325,325-B,,X,,,,U010,,ZCSC01,C093U3,DOC0001027228-9901,1,"6""",U010-WW-9901-1-325-B,"6""-WW-9901-ZCSC01",,,,,,231,,1,,,,,,
326,326-A,,X,,,,U010,,ZCSC01,C093U3,DOC0001027228-9901,3,"6""",U010-WW-9901-3-326-A,"6""-WW-9901-ZCSC01",,,,,,231,,1,,,,,,
327,327-A,,X,,,,U010,,ZCSC01,C093U3,DOC0001027228-9901,4,"6""",U010-WW-9901-4-327-A,"6""-WW-9901-ZCSC01",,,,,,231,,1,,,,,,
327,327-B,,X,,,,U010,,ZCSC01,C093U3,DOC0001027228-9901,4,"6""",U010-WW-9901-4-327-B,"6""-WW-9901-ZCSC01",,,,,,231,,1,,,,,,
328,328-A,,X,,,,U010,,ZCSC01,C093U3,DOC0001027228-9901,6,"6""",U010-WW-9901-4-328-A,"6""-WW-9901-ZCSC01",,,,,,,,,,,,,,
440,440-A,X,,,,,U030,,1CBC02,NOPT,DOC0001027234-7105,1,"2""",U010-S-7105-1-440-A,"2""-S-7105-1CBC02-F2-64",,,,,,231,,1,,,,,,
441,441-A,X,,,,,U030,,1CBC02,NOPT,DOC0001027234-7105,3,"2""",U010-S-7105-3-441-A,"2""-S-7105-1CBC02-F2-64",,,,,,231,,1,,,,,,
442,442-A,,X,,,,U030,,6CBC02,NOPT,DOC0001027234-7128,1,"2""",U030-S-7128-1-442-A,"2""-S-7128-6CBC02-H3-50",,,,,,231,,1,,,,,,
442,442-B,,X,,,,U030,,6CBC02,NOPT,DOC0001027234-7128,1,"2""",U030-S-7128-1-442-B,"2""-S-7128-6CBC02-H3-50",,,,,,231,,1,,,,,,
442,442-C,,X,,,,U030,,6CBC02,NOPT,DOC0001027234-7128,1,"2""",U030-S-7128-1-442-C,"2""-S-7128-6CBC02-H3-50",,,,,,231,,1,,,,,,
443,443,X,,,,,U030,,6CBC02,NOPT,DOC0001027234-7128,2,"2""",U030-S-7128-2-443-A,"2""-S-7128-6CBC02-H3-50",,,,,,231,,1,,,,,,
443,443,X,,,,,U030,,6CBC02,NOPT,DOC0001027234-7128,2,"2""",U030-S-7128-2-443-B,"2""-S-7128-6CBC02-H3-50",,,,,,231,,1,,,,,,
443,443-C,X,,,,,U030,,6CBC02,NOPT,DOC0001027234-7128,2,"2""",U030-S-7128-2-443-C,"2""-S-7128-6CBC02-H3-50",,,,,,231,,1,,,,,,
443A,443A,X,,,,,U030,,6CBC02,NOPT,DOC0001027234-7128,2,"2""",U030-S-7128-2-443A-D,"2""-S-7128-6CBC02-H3-50",,,,,,231,,1,,,,,,
443A,443A,X,,,,,U030,,6CBC02,NOPT,DOC0001027234-7128,2,"2""",U030-S-7128-2-443A-E,"2""-S-7128-6CBC02-H3-50",,,,,,231,,1,,,,,,
444,444-A,X,,,,,U030,,6CBC02,NOPT,DOC0001027234-7128,3,"2""",U030-S-7128-3-444-A,"2""-S-7128-6CBC02-H3-50",,,,,,231,,1,,,,,,
444,444-B,X,,,,,U030,,6CBC02,NOPT,DOC0001027234-7128,3,"2""",U030-S-7128-3-444-B,"2""-S-7128-6CBC02-H3-50",,,,,,231,,1,,,,,,
444,444,X,,,,,U030,,6CBC02,NOPT,DOC0001027234-7128,3,"2""",U030-S-7128-3-444-C,"2""-S-7128-6CBC02-H3-50",,,,,,231,,1,,,,,,
444,444,X,,,,,U030,,6CBC02,NOPT,DOC0001027234-7128,3,"2""",U030-S-7128-3-444-D,"2""-S-7128-6CBC02-H3-50",,,,,,231,,1,,,,,,
445,445-A,X,,,,,U030,,6CBC02,NOPT,DOC0001027234-7128,5,"2""",U030-S-7128-5-445-A,"2""-S-7128-6CBC02-H3-50",,,,,,231,,1,,,,,,
446,446-A,X,,,,,U030,,1CBB01,C093U3,DOC0001027234-8248,1,"3""",U030-N-8248-1-446-A,"3""-B-8248-1CBB01",,,,,,231,,1,,,,,,
446,446-B,X,,,,,U030,,1CBB01,C093U3,DOC0001027234-8248,1,"3""",U030-N-8248-1-446-B,"3""-N-8428-1CBB01",,,,,,231,,1,,,,,,
447,447-A,,X,,,,U030,,1SAB07,NOPT,DOC0001027234-8802A,1,"2""",U030-VG-8802A-1-447-A,"2""-VG-8802A-1SAB07",,,,,,231,,1,,,,,,
448,448-A,,X,,,,U030,,1SAB07,NOPT,DOC0001027234-8802B,1,"2""",U030-VG-8802B-1-448-A,"2""-VG-8802B-1SAB07",,,,,,231,,1,,,,,,
449,449-A,,X,,,,U030,,1SAB07,NOPT,DOC0001027234-8802C,1,"2""",U030-VG-8802C-1-449-A,"2""-VG-8802C-1SAB07",,,,,,231,,1,,,,,,
450,450-A,,X,,,,U030,,1SAB07,NOPT,DOC0001027234-8802D,1,"2""",U030-VG-8802D-1-450-A,"2""-VG-8802D-1SAB07",,,,,,231,,1,,,,,,
451,451-A,X,,,,,U030,,1SAB07,NOPT,DOC0001027234-8807_1,1,"16""",U030-VG-8807_1-1-451-A,"16""-VG-8807_1-1SAB07",,,,,,231,,1,,,,,,
452,452-A,X,,,,,U030,,1SAB07,NOPT,DOC0001027234-8807_1,2,"2""",U030-VG-8807_1-2-452-A,"2""-VG-8807_1-1SAB07",,,,,,231,,1,,,,,,
453,453-A,X,,,,,U030,,1SAB07,NOPT,DOC0001027234-8807_1,3,"16""",U030-VG-8807_1-3-453-A,"16""-VG-8807_1-1SAB07",,,,,,231,,1,,,,,,
454,454-A,,X,,,,U030,,1SAB07,NOPT,DOC0001027234-8807_1,4,"16""",U030-VG-8807_1-4-454-A,"16""-VG-8807_1-1SAB07",,,,,,231,,1,,,,,,
454,454-B,,X,,,,U030,,1SAB07,NOPT,DOC0001027234-8807_1,4,"16""",U030-VG-8807_1-4-454-B,"16""-VG-8807_1-1SAB07",,,,,,231,,1,,,,,,
455,455-A,X,,,,,U030,,1SAB07,NOPT,DOC0001027234-8807_2,1,"16""",U030-VG-8807_2-1-455-A,"16""-VG-8807_2-1SAB07",,,,,,231,,1,,,,,,
455,455-B,X,,,,,U030,,1SAB07,NOPT,DOC0001027234-8807_2,1,"16""",U030-VG-8807_2-1-455-B,"16""-VG-8807_2-1SAB07",,,,,,231,,1,,,,,,
456,456-A,X,,,,,U030,,1SAB07,NOPT,DOC0001027234-8807_2,2,"2""",U030-VG-8807_2-2-456-A,"2""-VG-8807_2-1SAB07",,,,,,231,,1,,,,,,
457,457-A,X,,,,,U030,,1SAB07,NOPT,DOC0001027234-8807_2,3,"16""",U030-VG-8807_2-3-457-A,"16""-VG-8807_2-1SAB07",,,,,,231,,1,,,,,,
458,458-A,X,,,,,U030,,1SAB07,NOPT,DOC0001027234-8807_2,4,"16""",U030-VG-8807_2-4-458-A,"16""-VG-8807_2-1SAB07",,,,,,231,,1,,,,,,
458,458-B,X,,,,,U030,,1SAB07,NOPT,DOC0001027234-8807_2,4,"16""",U030-VG-8807_2-4-458-B,"16""-VG-8807_2-1SAB07",,,,,,231,,1,,,,,,
459,459-A,X,,,,,U030,,1SAB07,NOPT,DOC0001027234-8807_3,1,"16""",U030-VG-8807_3-1-459-A,"16""-VG-8807_3-1SAB07",,,,,,231,,1,,,,,,
460,460-A,X,,,,,U030,,1SAB07,NOPT,DOC0001027234-8807_3,2,"2""",U030-VG-8807_3-2-460-A,"2""-VG-8807_3-1SAB07",,,,,,231,,1,,,,,,
461,461-A,X,,,,,U030,,1SAB07,NOPT,DOC0001027234-8807_3,3,"16""",U030-VG-8807_3-3-461-A,"16""-VG-8807_3-1SAB07",,,,,,231,,1,,,,,,
462,462-A,X,,,,,U030,,1SAB07,NOPT,DOC0001027234-8807_3,4,"16""",U030-VG-8807_3-4-462-A,"16""-VG-8807_3-1SAB07",,,,,,231,,1,,,,,,
462,462-B,X,,,,,U030,,1SAB07,NOPT,DOC0001027234-8807_3,4,"16""",U030-VG-8807_3-4-462-B,"16""-VG-8807_3-1SAB07",,,,,,231,,1,,,,,,
463,463-A,X,,,,,U030,,1SAB07,NOPT,DOC0001027234-8809,1,"8""",U030-VG-8809-1-463-A,"8""-VG-8809-1SAB07",,,,,,231,,1,,,,,,
464,464-A,X,,,,,U030,,1SAB07,NOPT,DOC0001027234-8809A,1,"2""",U030-H-8809A-1-464-A,"2""-H-8809A-1SAB07",,,,,,231,,1,,,,,,
464,464-B,X,,,,,U030,,1SAB07,NOPT,DOC0001027234-8809A,1,"2""",U030-H-8809A-1-464-B,"2""-H-8809A-1SAB07",,,,,,231,,1,,,,,,
465,465-A,X,,,,,U030,,1SAB07,NOPT,DOC0001027234-8809B,1,"2""",U030-H-8809B-1-465-A,"2""-H-8809B-1SAB07",,,,,,231,,1,,,,,,
465,465-B,X,,,,,U030,,1SAB07,NOPT,DOC0001027234-8809B,1,"2""",U030-H-8809B-1-465-B,"2""-H-8809B-1SAB07",,,,,,231,,1,,,,,,
466,466-A,X,,,,,U030,,1SAB07,NOPT,DOC0001027234-8809B,3,"2""",U030-H-8809B-3-466-A,"2""-H-8809B-1SAB07",,,,,,231,,1,,,,,,
466,466-B,X,,,,,U030,,1SAB07,NOPT,DOC0001027234-8809B,3,"2""",U030-H-8809B-3-466-B,"2""-H-8809B-1SAB07",,,,,,231,,1,,,,,,
466,466-C,X,,,,,U030,,1SAB07,NOPT,DOC0001027234-8809B,3,"2""",U030-H-8809B-3-466-C,"2""-H-8809B-1SAB07",,,,,,231,,1,,,,,,
466,466-D,X,,,,,U030,,1SAB07,NOPT,DOC0001027234-8809B,3,"2""",U030-H-8809B-3-466-D,"2""-H-8809B-1SAB07",,,,,,231,,1,,,,,,
467,467-A,X,,,,,U030,,1SAB07,NOPT,DOC0001027234-8809B,4,"2""",U030-H-8809B-4-467-A,"2""-H-8809B-1SAB07",,,,,,231,,1,,,,,,
467,467-B,X,,,,,U030,,1SAB07,NOPT,DOC0001027234-8809B,4,"2""",U030-H-8809B-4-467-B,"2""-H-8809B-1SAB07",,,,,,231,,1,,,,,,
468,468-A,X,,,,,U030,,1SAB07,NOPT,DOC0001027234-8809C,1,"2""",U030-H-8809C-1-468-A,"2""-H-8809C-1SAB07",,,,,,231,,1,,,,,,
468,468-B,X,,,,,U030,,1SAB07,NOPT,DOC0001027234-8809C,1,"2""",U030-H-8809C-1-468-B,"2""-H-8809C-1SAB07",,,,,,231,,1,,,,,,
469,469-A,X,,,,,U030,,1SAB07,NOPT,DOC0001027234-8809D,1,"2""",U030-H-8809D-1-469-A,"2""-H-8809D-1SAB07",,,,,,231,,1,,,,,,
469,469-B,X,,,,,U030,,1SAB07,NOPT,DOC0001027234-8809D,1,"2""",U030-H-8809D-1-469-B,"2""-H-8809D-1SAB07",,,,,,231,,1,,,,,,
470,470-A,X,,,,,U030,,1SAB07,NOPT,DOC0001027234-8810A,1,"2""",U030-H-8810A-1-470-A,"2""-H-8810A-1SAB07",,,,,,231,,1,,,,,,
470,470-B,X,,,,,U030,,1SAB07,NOPT,DOC0001027234-8810A,1,"2""",U030-H-8810A-1-470-B,"2""-H-8810A-1SAB07",,,,,,231,,1,,,,,,
471,471-A,X,,,,,U030,,1SAB07,NOPT,DOC0001027234-8810B,1,"2""",U030-H-8810B-1-471-A,"2""-H-8810B-1SAB07",,,,,,231,,1,,,,,,
471,471-B,X,,,,,U030,,1SAB07,NOPT,DOC0001027234-8810B,1,"2""",U030-H-8810B-1-471-B,"2""-H-8810B-1SAB07",,,,,,231,,1,,,,,,
472,472-A,X,,,,,U030,,1SAB07,NOPT,DOC0001027234-8810C,1,"2""",U030-H-8810C-1-472-A,"2""-H-8810C-1SAB07",,,,,,231,,1,,,,,,
472,472-B,X,,,,,U030,,1SAB07,NOPT,DOC0001027234-8810C,1,"2""",U030-H-8810C-1-472-B,"2""-H-8810C-1SAB07",,,,,,231,,1,,,,,,
473,473-A,X,,,,,U030,,1SAB07,NOPT,DOC0001027234-8810D,1,"2""",U030-H-8810D-1-473-A,"2""-H-8810D-1SAB07",,,,,,231,,1,,,,,,
473,473-B,X,,,,,U030,,1SAB07,NOPT,DOC0001027234-8810D,1,"2""",U030-H-8810D-1-473-B,"2""-H-8810D-1SAB07",,,,,,231,,1,,,,,,
474,474-A,X,,,,,U030,,1SAB07,NOPT,DOC0001027234-8811A,1,"3""",U030-H-8811A-1-474-A,"3""-H-8811A-1SAB07",,,,,,231,,1,,,,,,
474,474-B,X,,,,,U030,,1SAB07,NOPT,DOC0001027234-8811A,1,"3""",U030-H-8811A-1-474-B,"3""-H-8811A-1SAB07",,,,,,231,,1,,,,,,
475,475-A,X,,,,,U030,,1SAB07,NOPT,DOC0001027234-8811B,1,"3""",U030-H-8811B-1-475-A,"3""-H-8811B-1SAB07",,,,,,231,,1,,,,,,
475,475-B,X,,,,,U030,,1SAB07,NOPT,DOC0001027234-8811B,1,"3""",U030-H-8811B-1-475-B,"3""-H-8811B-1SAB07",,,,,,231,,1,,,,,,
476,476-B,X,,,,,U030,,1SAB07,NOPT,DOC0001027234-8811C,1,"3""",U030-H-8811C-1-476-B,"3""-H-8811C-1SAB07",,,,,,231,,1,,,,,,
476,476-C,X,,,,,U030,,1SAB07,NOPT,DOC0001027234-8811C,1,"3""",U030-H-8811C-1-476-A,"3""-H-8811C-1SAB07",,,,,,231,,1,,,,,,
477,477-A,X,,,,,U030,,1SAB07,NOPT,DOC0001027234-8811D,1,"3""",U030-H-8811D-1-477-A,"3""-H-8811D-1SAB07",,,,,,231,,1,,,,,,
477,477-B,X,,,,,U030,,1SAB07,NOPT,DOC0001027234-8811D,1,"3""",U030-H-8811D-1-477-B,"3""-H-8811D-1SAB07",,,,,,231,,1,,,,,,
478,478-A,X,,,,,U030,,1SAB07,NOPT,DOC0001027234-8820,1,"20""",U030-VG-8820-1-478-A,"20""-VG-8820-1SAB07",,,,,,231,,1,,,,,,
479,479-A,X,,,,,U030,,1SAB07,NOPT,DOC0001027234-8820A,1,"16""",U030-VG-8820A-1-479-A,"16""-VG-8820A-1SAB07",,,,,,231,,1,,,,,,
480,480-A,X,,,,,U030,,1SAB07,NOPT,DOC0001027234-8820B,1,"16""",U030-VG-8820B-1-480-A,"16""-VG-8820B-1SAB07",,,,,,231,,1,,,,,,
481,481-A,X,,,,,U030,,1SAB07,NOPT,DOC0001027234-8820C,1,"16""",U030-VG-8820C-1-481-A,"16""-VG-8820C-1SAB07",,,,,,231,,1,,,,,,
482,482-A,X,,,,,U030,,1SAB07,NOPT,DOC0001027234-8820D,1,"16""",U030-VG-8820D-1-482-A,"16""-VG-8820D-1SAB07",,,,,,231,,1,,,,,,
483,483-A,X,,,,,U030,,1SAB07,NOPT,DOC0001027234-8821A,1,"2""",U030-VG-8821A-1-483-A,"2""-VG-8821A-1SAB07",,,,,,231,,1,,,,,,
484,484-A,X,,,,,U030,,1SAB07,NOPT,DOC0001027234-8821B,1,"2""",U030-VG-8821B-1-484-A,"2""-VG-8821B-1SAB07",,,,,,231,,1,,,,,,
485,485-A,X,,,,,U030,,1SAB07,NOPT,DOC0001027234-8821C,1,"2""",U030-VG-8821C-1-485-A,"2""-VG-8821C-1SAB07",,,,,,231,,1,,,,,,
486,486-A,X,,,,,U030,,1SAB07,NOPT,DOC0001027234-8821D,1,"2""",U030-VG-8821D-1-486-A,"2""-VG-8821D-1SAB07",,,,,,231,,1,,,,,,
487,487-A,X,,,,,U030,,1SAB07,NOPT,DOC0001027234-8821D,2,"2""",U030-VG-8821D-2-487-A,"2""-VG-8821D-1SAB07",,,,,,231,,1,,,,,,
488,488-A,X,,,,,U030,,1SAB07,NOPT,DOC0001027234-8830A,1,"8""",U030-VG-8830A-1-488-A,"8""-VG-8830A-1SAB07",,,,,,231,,1,,,,,,
489,489-A,X,,,,,U030,,1SAB07,NOPT,DOC0001027234-8830B,1,"8""",U030-VG-8830B-1-489-A,"8""-VG-8830B-1SAB07",,,,,,231,,1,,,,,,
490,490-A,X,,,,,U030,,1SAB07,NOPT,DOC0001027234-8830C,1,"8""",U030-VG-8830C-1-490-A,"8""-VG-8830C-1SAB07",,,,,,231,,1,,,,,,
491,491-A,X,,,,,U030,,1SAB07,NOPT,DOC0001027234-8830D,1,"8""",U030-VG-8830D-1-491-A,"8""-VG-8830D-1SAB07",,,,,,231,,1,,,,,,
492,492-A,X,,,,,U030,,1SAB07,NOPT,DOC0001027234-8831A,2,"12""",U030-H-8831A-2-492-A,"12""-H-8831A-1SAB07",,,,,,231,,1,,,,,,
493,493-A,X,,,,,U030,,1SAB07,NOPT,DOC0001027234-8831B,2,"12""",U030-H-8831B-2-493-A,"12""-H-8831B-1SAB07",,,,,,231,,1,,,,,,
494,494-A,X,,,,,U030,,1SAB07,NOPT,DOC0001027234-8831C,1,"12""",U030-H-8831C-1-494-A,"12""-H-8831C-1SAB07",,,,,,231,,1,,,,,,
495,495-A,X,,,,,U030,,1SAB07,NOPT,DOC0001027234-8831D,2,"12""",U030-H-8831D-2-495-A,"12""-H-8831D-1SAB07",,,,,,231,,1,,,,,,
496,496-A,X,,,,,U030,,1SAB07,NOPT,DOC0001027234-8832A,1,"8""",U030-VG-8832A-1-496-A,"8""-VG-8832A-1SAB07",,,,,,231,,1,,,,,,
497,497-A,X,,,,,U030,,1SAB07,NOPT,DOC0001027234-8832B,1,"8""",U030-VG-8832B-1-497-A,"8""-VG-8832B-1SAB07",,,,,,231,,1,,,,,,
498,498-A,X,,,,,U030,,1SAB07,NOPT,DOC0001027234-8832C,1,"8""",U030-VG-8832C-1-498-A,"8""-VG-8832C-1SAB07",,,,,,231,,1,,,,,,
499,499-A,X,,,,,U030,,1SAB07,NOPT,DOC0001027234-8832D,1,"8""",U030-VG-8832D-1-499-A,"8""-VG-8832C-1SAB07",,,,,,231,,1,,,,,,
500,500-A,X,,,,,U030,,1SAB07,NOPT,DOC0001027234-8836A,1,"8""",U030-H-8836A-1-500-A,"8""-H-8836A-1SAB07",,,,,,231,,1,,,,,,
501,501-A,X,,,,,U030,,1SAB07,NOPT,DOC0001027234-8836A,2,"14""",U030-H-8836A-2-501-A,"14""-H-8836A-1SAB07",,,,,,231,,1,,,,,,
502,502-A,X,,,,,U030,,1SAB07,NOPT,DOC0001027234-8836A,3,"8""",U030-H-8836A-3-502-A,"8""-H-8836A-1SAB07",,,,,,231,,1,,,,,,
503,503-A,X,,,,,U030,,1SAB07,NOPT,DOC0001027234-8836B,1,"8""",U030-H-8836B-1-503-A,"8""-H-8836B-1SAB07",,,,,,231,,1,,,,,,
504,504-A,X,,,,,U030,,1SAB07,NOPT,DOC0001027234-8836B,2,"14""",U030-H-8836B-2-504-A,"14""-H-8836B-1SAB07",,,,,,231,,1,,,,,,
505,505-A,X,,,,,U030,,1SAB07,NOPT,DOC0001027234-8836B,3,"8""",U030-H-8836B-3-505-A,"8""-H-8836B-1SAB07",,,,,,231,,1,,,,,,
506,506-A,X,,,,,U030,,1SAB07,NOPT,DOC0001027234-8836C,1,"8""",U030-H-8836C-1-506-A,"8""-H-8836C-1SAB07",,,,,,231,,1,,,,,,
507,507-A,X,,,,,U030,,1SAB07,NOPT,DOC0001027234-8836C,2,"14""",U030-H-8836C-2-507-A,"14""-H-8836C-1SAB07",,,,,,231,,1,,,,,,
508,508-A,X,,,,,U030,,1SAB07,NOPT,DOC0001027234-8836C,3,"8""",U030-H-8836C-3-508-A,"8""-H-8836C-1SAB07",,,,,,231,,1,,,,,,
509,509-A,X,,,,,U030,,1SAB07,NOPT,DOC0001027234-8836D,1,"8""",U030-H-8836D-1-509-A,"8""-H-8836D-1SAB07",,,,,,231,,1,,,,,,
510,510-A,X,,,,,U030,,1SAB07,NOPT,DOC0001027234-8836D,2,"14""",U030-H-8836D-2-510-A,"14""-H-8836D-1SAB07",,,,,,231,,1,,,,,,
511,511-A,X,,,,,U030,,1SAB07,NOPT,DOC0001027234-8836D,3,"8""",U030-H-8836D-3-511-A,"8""-H-8836D-1SAB07",,,,,,231,,1,,,,,,
512,512-A,X,,,,,U030,,1SAB07,NOPT,DOC0001027234-8866A,1,"8""",U030-H-8866A-1-512-A,"8""-H-8866A-1SAB07",,,,,,231,,1,,,,,,
513,513-A,X,,,,,U030,,1SAB07,NOPT,DOC0001027234-8866A,3,"2""",U030-H-8866A-3-513-A,"2""-H-8866A-1SAB07",,,,,,231,,1,,,,,,
514,514-A,X,,,,,U030,,1SAB07,NOPT,DOC0001027234-8866B,1,"8""",U030-H-8866B-1-514-A,"8""-H-8866B-1SAB07",,,,,,231,,1,,,,,,
514,514-B,X,,,,,U030,,1SAB07,NOPT,DOC0001027234-8866B,1,"8""",U030-H-8866B-1-514-B,"8""-H-8866B-1SAB07",,,,,,231,,1,,,,,,
516,516-A,X,,,,,U030,,1SAB07,NOPT,DOC0001027234-8866C,1,"8""",U030-H-8866C-1-516-A,"8""-H-8866C-1SAB07",,,,,,231,,1,,,,,,
517,517-A,X,,,,,U030,,1SAB07,NOPT,DOC0001027234-8866C,3,"2""",U030-H-8866C-3-517-A,"2""-H-8866C-1SAB07",,,,,,231,,1,,,,,,
518,518-A,X,,,,,U030,,1SAB07,NOPT,DOC0001027234-8866D,1,"8""",U030-H-8866D-1-518-A,"8""-H-8866D-1SAB07",,,,,,231,,1,,,,,,
519,519-A,X,,,,,U030,,1SAB07,NOPT,DOC0001027234-8866D,3,"2""",U030-H-8866D-3-519-A,"2""-H-8866D-1SAB07",,,,,,231,,1,,,,,,
520,520-A,X,,,,,U030,,1SAB07,NOPT,DOC0001027234-8867A,1,"8""",U030-H-8867A-1-520-A,"8""-H-8867A-1SAB07",,,,,,231,,1,,,,,,
521,521-A,X,,,,,U030,,1SAB07,NOPT,DOC0001027234-8867A,3,"2""",U030-H-8867A-3-521-A,"2""-H-8867A-1SAB07",,,,,,231,,1,,,,,,
522,522-A,X,,,,,U030,,1SAB07,NOPT,DOC0001027234-8867B,1,"8""",U030-H-8867B-1-522-A,"8""-H-8867B-1SAB07",,,,,,231,,1,,,,,,
522,522-B,X,,,,,U030,,1SAB07,NOPT,DOC0001027234-8867B,1,"8""",U030-H-8867B-1-522-B,"8""-H-8867B-1SAB07",,,,,,231,,1,,,,,,
523,523-A,X,,,,,U030,,1SAB07,NOPT,DOC0001027234-8867C,1,"8""",U030-H-8867C-1-523-A,"8""-H-8867C-1SAB07",,,,,,231,,1,,,,,,
524,524-A,X,,,,,U030,,1SAB07,NOPT,DOC0001027234-8867C,3,"2""",U030-H-8867C-3-524-A,"2""-H-8867C-1SAB07",,,,,,231,,1,,,,,,
525,525-A,X,,,,,U030,,1SAB07,NOPT,DOC0001027234-8867D,1,"8""",U030-H-8867D-1-525-A,"8""-H-8867D-1SAB07",,,,,,231,,1,,,,,,
526,526-A,X,,,,,U030,,1SAB07,NOPT,DOC0001027234-8867D,3,"2""",U030-H-8867D-3-526-A,"2""-H-8867D-1SAB07",,,,,,231,,1,,,,,,
527,527-A,X,,,,,U030,,1SAB07,NOPT,DOC0001027234-8868,1,"2""",U030-VG-8868-1-527-A,"2""-VG-8868-1SAB07",,,,,,231,,1,,,,,,
528,528-A,X,,,,,U030,,1SAB07,NOPT,DOC0001027234-8868,1,"2""",U030-VG-8868-2-528-A,"2""-VG-8868-1SAB07",,,,,,231,,1,,,,,,
528,528-B,X,,,,,U030,,1SAB07,NOPT,DOC0001027234-8868,1,"2""",U030-VG-8868-2-528-B,"2""-VG-8868-1SAB07",,,,,,231,,1,,,,,,
529,529-A,X,,,,,U030,,1CBC03,C093U3,DOC0001027234-9217,1,"2""",U030-N-8217-1-529-A,"2""-N-9217-1CBC03",,,,,,231,,1,,,,,,
530,530-A,X,,,,,U030,,1CBC03,C093U3,DOC0001027234-9217,2,"2""",U030-N-8217-2-530-A,"2""-N-9217-1CBC03",,,,,,231,,1,,,,,,
530,530-B,X,,,,,U030,,1CBC03,C093U3,DOC0001027234-9217,2,"2""",U030-N-8217-2-530-B,"2""-N-9217-1CBC03",,,,,,231,,1,,,,,,
531,531-A,X,,,,,U030,,ZCSC01,C093U3,DOC0001027234-9812,1,"2""",U030-SW-9811-1-531-A,"2""-SW-9811-ZCSC01",,,,,,231,,0,,,,,,
531,531-B,X,,,,,U030,,ZCSC01,C093U3,DOC0001027234-9812,1,"2""",U030-SW-9811-1-531-B,"2""-SW-9811-ZCSC01",,,,,,231,,0,,,,,,
